project_id,source_type,published_at,title,url,raw_department_name,cause_bucket,evidence
1075,press_release,2026-03-30,<鍋島藩窯クリスマスイベント実行委員会事業> 令和8年度鍋島藩窯クリスマスイベント実施業務に係る公募型プロポーザルを実施します。,https://www.pref.saga.lg.jp/kiji003118589/index.html,プレゼンテーションの日程及び場所,needs_reingest_explicit_person,担当者名 電話番号 ファックス番号 メールアドレス
91,proposal,2026-03-27,令和8年度吉野ヶ里歴史公園地域連携推進事業(プロモーション等)業務委託に 関する公募型プロポーザルの審査結果について,https://www.pref.saga.lg.jp/kiji003118808/index.html,,result_or_answer_page_without_contact,令和8年度吉野ヶ里歴史公園地域連携推進事業(プロモーション等)業務委託に 関する公募型プロポーザルの審査結果について
66,proposal,2026-03-27,令和8年度鳥栖駅東側エリア活用創出チャレンジ事業に係る企画提案業務に関するプロポーザル審査結果について,https://www.pref.saga.lg.jp/kiji003118806/index.html,,result_or_answer_page_without_contact,令和8年度鳥栖駅東側エリア活用創出チャレンジ事業に係る企画提案業務に関するプロポーザル審査結果について
65,press_release,2026-03-27,令和8年度「地域主体の持続可能なスローツーリズムの仕掛けづくり」事業の委託に係る公募型プロポーザルを実施します,https://www.pref.saga.lg.jp/kiji003118807/index.html,佐賀県地域交流部さが創生推進課,source_has_department_only,(1) 担当課 佐賀県地域交流部さが創生推進課 むしろこれから鹿島・太良プロジェクト担当 郵便番号840-8570 佐賀県佐賀市城内1-1-59 電話 0952-25-7505 電子メールアドレス sagasousei@pref.saga.lg.jp (2) 説明書の交付期間及び方法
63,press_release,2026-03-27,令和8年度佐賀県固定電話機設置費補助事業周知及び受付審査業務委託にかかるプロポーザルを実施します,https://www.pref.saga.lg.jp/kiji003118827/index.html,令和8年度佐賀県固定,needs_reingest_inline_person,(1) 令和8年3月31日までの連絡先 担当:佐賀県県民環境部くらしの安全安心課 地域安全担当 住所:〒840-8570 佐賀県佐賀市城内1丁目1-59(佐賀県庁旧館1階) 電話:0952-25-7060 FAX:0952-25-7327
16,press_release,2026-03-27,質問回答|令和8年度産福連携プロジェクト運営等委託業務のプロポーザル仕様書などへの質問について,https://www.pref.saga.lg.jp/kiji003118829/index.html,,result_or_answer_page_without_contact,質問回答|令和8年度産福連携プロジェクト運営等委託業務のプロポーザル仕様書などへの質問について
15,press_release,2026-03-27,令和8年度県内企業訪問ツアー企画・運営業務に関する企画提案を募集します,https://www.pref.saga.lg.jp/kiji003118826/index.html,佐賀県産業人材確保プロジェクト推進会議事務局,needs_reingest_inline_person,佐賀県産業人材確保プロジェクト推進会議事務局 (佐賀県 産業労働部 産業人材課 産業人材担当) TEL:0952-25-7310 FAX:0952-25-7305 添付資料
68,proposal,2026-03-26,【質問回答】海外県人会次世代人材交流・育成事業委託業務に関するプロポーザルの質問への回答を掲載します,https://www.pref.saga.lg.jp/kiji003118793/index.html,,result_or_answer_page_without_contact,【質問回答】海外県人会次世代人材交流・育成事業委託業務に関するプロポーザルの質問への回答を掲載します
67,press_release,2026-03-26,第44回全国都市緑化フェア from SAGA会場実施計画等策定業務委託にかかる公募型プロポーザルを実施します,https://www.pref.saga.lg.jp/kiji003118753/index.html,第44回全国都市緑化フェアfrom SAGA会場実施計画等策定業務委託,needs_reingest_explicit_person,担当者名 電話番号 電子メールアドレス 質問事項
17,proposal,2026-03-26,佐賀県介護事業所等及び介護施設等に対するサービス継続支援事業費補助金審査等業務委託の条件付一般競争入札(事前審査型)を行います,https://www.pref.saga.lg.jp/kiji003118717/index.html,当課に持参、電子,needs_reingest_inline_person,郵便番号840-8570 佐賀県佐賀市城内1丁目1番59 号 佐賀県健康福祉部長寿社会課 検査指導担当 電話 0952-25-7266 電子メールアドレス kaigohoken@pref.saga.lg.jp 4 入札参加資格の確認
6,press_release,2026-03-26,さが介護業務効率化サポートセンター設置・運営業務委託に係る企画提案競技(プロポーザル方式)の募集を行います,https://www.pref.saga.lg.jp/kiji003118799/index.html,佐賀県健康福祉部長寿社会課,needs_reingest_inline_person,・本文:会社名等、担当部署、参加者氏名、連絡先(メールアドレス含む) ウ メール送付先:kaigoshidou@pref.saga.lg.jp(佐賀県 長寿社会課 介護人材担当) ※事前説明会への出欠は当該プロポーザルへの参加に影響しない。 2 参加資格確認申請書について 2
69,press_release,2026-03-25,衛星画像等を活用した経営所得安定対策等に係る現地確認業務の省力化に向けた実証に関する業務委託に係るプロポーザルの結果をお知らせします,https://www.pref.saga.lg.jp/kiji003118769/index.html,,result_or_answer_page_without_contact,衛星画像等を活用した経営所得安定対策等に係る現地確認業務の省力化に向けた実証に関する業務委託に係るプロポーザルの結果をお知らせします
20,proposal,2026-03-25,令和8年度佐賀県医療的ケア児支援センター運営業務に係るプロポーザル審査結果について,https://www.pref.saga.lg.jp/kiji003112533/index.html,,result_or_answer_page_without_contact,令和8年度佐賀県医療的ケア児支援センター運営業務に係るプロポーザル審査結果について
18,press_release,2026-03-25,唐津キャッスルベイ拠点エリア(西ノ浜地区)デザインプロデュース等業務委託に係る公募型プロポーザルを実施します。,https://www.pref.saga.lg.jp/kiji003118758/index.html,佐賀県地域交流部港湾課,source_has_department_only,5.問合せ先 佐賀県地域交流部港湾課 計画・整備担当 電話:0952‐25‐7163 FAX:0952‐25‐7315 E-mail : kouwan@pref.saga.lg.jp 01仕様書.pdf
8,press_release,2026-03-25,令和8年度佐賀らしい探究学習推進事業業務の企画提案競技(プロポーザル方式)の募集を行います。,https://www.pref.saga.lg.jp/kiji003118609/index.html,,no_contact_section_detected,令和8年度佐賀らしい探究学習推進事業業務の企画提案競技(プロポーザル方式)の募集を行います。 / 最終更新日: / 2026年3月25日 / 令和8年度佐賀らしい探究学習推進事業業務の企画提案競技(プロポーザル方式)の募集を行います。 / 令和8年度佐賀らしい探究学習推進事業業務の企画提案競技(プロポーザル方式)の募集を行います。 / 詳しくは別添ファイル(説明書及び仕様書)をご参照ください。 / ■委託業務名 / 令和8年度佐賀らしい探究学習推進事業業務
10,press_release,2026-03-24,令和8年度理系人材育成事業(キミノミチ発見ラボ)企画運営等業務委託の公募型プロポーザルを実施します,https://www.pref.saga.lg.jp/kiji003118747/index.html,提案書の内容に未記入箇所がある場合、添付資料等の不備により記載内容が確認で,needs_reingest_inline_person,3 提出場所 佐賀市城内1丁目1番59 号(新館9階) 佐賀県産業労働部ものづくり産業課 研究開発推進担当 4 提出方法 電子メール、持参又は郵送(必着)によること。 (注)電子メールの場合は、送信後に着信確認の電話をすること。また、 郵送の場合は、配達事故を防ぐため、配達記録が残る方法とすること。
9,proposal,2026-03-24,令和8年度(2026年度)学校改革(教育改善・業務改善)伴走型支援業務委託に係るプロポーザルの審査結果について,https://www.pref.saga.lg.jp/kiji003118765/index.html,,result_or_answer_page_without_contact,令和8年度(2026年度)学校改革(教育改善・業務改善)伴走型支援業務委託に係るプロポーザルの審査結果について
12,press_release,2026-03-23,世界海洋プラスチックプランニングセンター展示・体験ラボに係る展示設計・施工等業務委託に係るプロポーザルの審査結果をお知らせします,https://www.pref.saga.lg.jp/kiji003116129/index.html,,result_or_answer_page_without_contact,世界海洋プラスチックプランニングセンター展示・体験ラボに係る展示設計・施工等業務委託に係るプロポーザルの審査結果をお知らせします
72,press_release,2026-03-19,令和8年度(2026年度)CSOつながり支援事業委託業務に係るプロポーザルの審査結果をお知らせします。,https://www.pref.saga.lg.jp/kiji003118620/index.html,佐賀県県民環境部 県民協働課 協働社会推進担当,needs_reingest_inline_person,問合せ先 佐賀県県民環境部 県民協働課 協働社会推進担当 電話 0952-25-7374 FAX 0952-25-7561 E-mail kenminkyoudou@pref.saga.lg.jp
71,press_release,2026-03-19,令和8年度(2026年度)CSOマネジメントアカデミー事業委託業務に係るプロポーザルの審査結果をお知らせします。,https://www.pref.saga.lg.jp/kiji003118641/index.html,佐賀県県民環境部 県民協働課 協働社会推進担当,needs_reingest_inline_person,問合せ先 佐賀県県民環境部 県民協働課 協働社会推進担当 電話 0952-25-7374 FAX 0952-25-7561 E-mail kenminkyoudou@pref.saga.lg.jp
13,press_release,2026-03-19,【質問回答追加】PLA PLAオープニングセレモニー及びレセプション開催等業務委託に係る企画提案競技(プロポーザル方式)を実施します,https://www.pref.saga.lg.jp/kiji003118499/index.html,佐賀県県民環境部脱炭素社会推進課,needs_reingest_inline_person,佐賀県県民環境部脱炭素社会推進課 企画担当 井上、光枝 8 〒840-8570 佐賀県佐賀市城内1丁目1番59 号 佐賀県庁 旧館1 階 電話:0952-25-7079 FAX:0952-25-7783
74,press_release,2026-03-18,令和8年度佐賀県伝承芸能保存活用事業次世代継承のためのマニュアル制作業務委託に係る公募型プロポーザルを実施します,https://www.pref.saga.lg.jp/kiji003118632/index.html,、担当,source_has_department_only,7 問合せ先、担当 佐賀県 文化・観光局 文化課 [担当]佐賀復権推進チーム TEL 0952ー25-7236 FAX 0952-25-7179 メール culture_art@pref.saga.lg.jp --- 令和8年度佐賀県伝承芸能保存活用事業次世代継承のためのマニュアル制作 業務委託公募型プロポーザル実施要領
170,proposal,2026-03-17,【質問への回答】令和8年度県市町職員研究会“dx21”等開催業務委託に係るプロポーザルを実施します,https://www.pref.saga.lg.jp/kiji003118634/index.html,,result_or_answer_page_without_contact,【質問への回答】令和8年度県市町職員研究会“dx21”等開催業務委託に係るプロポーザルを実施します
169,proposal,2026-03-17,CSO”志”応援事業事務局運営委託業務に係るプロポーザル結果をお知らせします,https://www.pref.saga.lg.jp/kiji003118598/index.html,佐賀県県民環境部 県民協働課 協働社会推進担当,needs_reingest_inline_person,問合わせ先 佐賀県県民環境部 県民協働課 協働社会推進担当 電話 952-25-7374 FAX 952-25-7561 E-mail
46,proposal,2026-03-17,令和8年度さがデジタルサポーター育成事業業務委託に関するプロポーザルへの質問に対する回答について,https://www.pref.saga.lg.jp/kiji003118653/index.html,,result_or_answer_page_without_contact,令和8年度さがデジタルサポーター育成事業業務委託に関するプロポーザルへの質問に対する回答について
171,proposal,2026-03-16,令和8年度「SAGA BLUE PROJECT」交通安全啓発事業企画運営業務委託に係る企画コンペを実施します,https://www.pref.saga.lg.jp/kiji003101520/index.html,佐賀県県民環境部くらしの安全安心課交通事故防止特別対策室,source_has_department_only,7.問い合わせ先 担当 佐賀県県民環境部くらしの安全安心課交通事故防止特別対策室 郵便番号 840-8570 住所 佐賀県佐賀市城内1-1-59 電話 952-25-7060 ファックス番号 952-25-7327
80,proposal,2026-03-16,【質問回答】鳥栖駅東側エリア活用創出チャレンジ事業に係る企画提案業務に関するプロポーザル参加者を募集します,https://www.pref.saga.lg.jp/kiji003118626/index.html,鳥栖駅東側エリア活用創出チャレンジ事業実行委員会事務局(佐賀県政策部内),source_has_department_only,問い合わせ先 鳥栖駅東側エリア活用創出チャレンジ事業実行委員会事務局(佐賀県政策部内) ・ 所在地 〒840-8570 佐賀市城内1丁目1番59号 ・ 電話番号 0952-25-7360
79,press_release,2026-03-16,【3月16日プレゼンテーション時間・場所変更】令和8年度MONDAプロジェクト(仮称)業務委託に係る公募型プロポーザルを実施します,https://www.pref.saga.lg.jp/kiji003118517/index.html,佐賀県男女参画・こども局男女参画・女性の活躍推進課,source_has_department_only,(1) 担当課 佐賀県男女参画・こども局男女参画・女性の活躍推進課 郵便番号840-8570 佐賀県佐賀市城内1-1-59 電話 0952-25-7062 ファックス番号 0952-25-7338 電子メールアドレス danjo-katsuyaku@pref.saga.lg.jp (2) 説明書の交付期間及び方法
78,press_release,2026-03-16,佐賀城公園本丸北側エリア公園施設設計及び監修等業務に係る企画提案競技(プロポーザル方式)を実施します,https://www.pref.saga.lg.jp/kiji003118382/index.html,佐賀県 県土整備部 まちづくり課 公園担当,needs_reingest_inline_person,5 問い合わせ先 佐賀県 県土整備部 まちづくり課 公園担当 所在地 〒840-8570 佐賀市城内1丁目1番59号 電話番号 0952-25-7159 メールアドレス machizukuri@pref.saga.lg.jp
77,press_release,2026-03-16,令和8年度(2026年度)ボランティア活動・CSO活動支援に関する情報発信業務の委託に係る企画コンペ結果をお知らせします,https://www.pref.saga.lg.jp/kiji003118591/index.html,佐賀県県民環境部 県民協働課 協働社会推進担当,needs_reingest_inline_person,問合わせ先 佐賀県県民環境部 県民協働課 協働社会推進担当 電話 0952-25-7374 FAX 0952-25-7561 E-mail
76,proposal,2026-03-16,海外県人会次世代人材交流・育成事業委託業務に関するプロポーザルを実施します,https://www.pref.saga.lg.jp/kiji003118542/index.html,場所 佐賀県庁地域交流部,source_has_department_only,9 問い合わせ先 佐賀県地域交流部国際政策グループ 郵便番号840-8570 佐賀県佐賀市城内1-1-59 電話 0952-25-7419 Mail kokusaiseisaku-g@pref.saga.lg.jp ---
172,proposal,2026-03-13,令和8年度産福連携プロジェクト運営等委託業務のプロポーザルを実施します,https://www.pref.saga.lg.jp/kiji003118528/index.html,佐賀県産業労働部 ものづくり産業課,needs_reingest_inline_person,(1) 担当課 佐賀県産業労働部 ものづくり産業課 郵便番号・住所 〒840-8570 佐賀県佐賀市城内1-1-59 電話
84,proposal,2026-03-13,【質問への回答】令和8年度 SAGA PAPA 育休アシスト奨励金広報業務委託に係る企画コンペに関する質問について,https://www.pref.saga.lg.jp/kiji003118547/index.html,,result_or_answer_page_without_contact,【質問への回答】令和8年度 SAGA PAPA 育休アシスト奨励金広報業務委託に係る企画コンペに関する質問について
83,proposal,2026-03-13,【質問回答】全国お茶まつり消費拡大イベント業務に係る公募型プロポーザルの質問への回答を掲載します,https://www.pref.saga.lg.jp/kiji003118612/index.html,,result_or_answer_page_without_contact,【質問回答】全国お茶まつり消費拡大イベント業務に係る公募型プロポーザルの質問への回答を掲載します
82,press_release,2026-03-13,福岡県向けルート・グランブルーの情報発信事業業務委託に係る企画競争の結果をお知らせします,https://www.pref.saga.lg.jp/kiji003118618/index.html,広報広聴課 コミュニケーションデザイン担当,source_has_department_only,(連絡先) 広報広聴課 コミュニケーションデザイン担当 TEL:0952-25-7219 Fax:0952-25-7263 E-mail:kouhou-kouchou@pref.saga.lg.jp ---
81,press_release,2026-03-13,令和8年度年長児向けSAGAアクア体験会“SAGA Enji Basha Vol.5”実施等業務委託公募型プロポーザルを実施します,https://www.pref.saga.lg.jp/kiji003118624/index.html,提出場所 佐賀県こども未来課 子育てし大県推進担当,source_has_department_only,17 の問い合わせ先まで連絡するとともに、辞退届(様式6)を提出すること。 17 書類等提出先及び問い合わせ先 佐賀県男女参画・こども局 こども未来課 子育てし大県推進担当 〒840-8570 佐賀県佐賀市城内1丁目1-59(佐賀県庁旧館3 階) 電話:0952-25-7381 FAX:0952-25-7339 メール:kodomomirai@pref.saga.lg.jp
85,press_release,2026-03-12,【質問に対する回答】SAGA BARプロモーション事業「飲食店連携」業務委託に係るプロポーザルに関する質問について,https://www.pref.saga.lg.jp/kiji003118576/index.html,,result_or_answer_page_without_contact,【質問に対する回答】SAGA BARプロモーション事業「飲食店連携」業務委託に係るプロポーザルに関する質問について
173,proposal,2026-03-11,令和8年度職業訓練(委託訓練)企画コンペの審査結果(8~11月訓練開始分),https://www.pref.saga.lg.jp/kiji00381075/index.html,,result_or_answer_page_without_contact,令和8年度職業訓練(委託訓練)企画コンペの審査結果(8~11月訓練開始分)
92,proposal,2026-03-11,【質問への回答】唯一無二の学校魅力化促進事業における学校魅力化アドバイザー等業務委託契約の企画提案競技(企画コンペ方式)に関する質問について,https://www.pref.saga.lg.jp/kiji003118400/index.html,,result_or_answer_page_without_contact,【質問への回答】唯一無二の学校魅力化促進事業における学校魅力化アドバイザー等業務委託契約の企画提案競技(企画コンペ方式)に関する質問について
174,proposal,2026-03-10,令和8年度県市町職員研究会“dx21”等開催業務委託に係るプロポーザルを実施します,https://www.pref.saga.lg.jp/kiji003118500/index.html,佐賀県政策部さが政策推進チーム デジタルイノベーション担当,source_has_department_only,(1) 担当課 佐賀県政策部さが政策推進チーム デジタルイノベーション担当 郵便番号840-8570 佐賀県佐賀市城内1丁目1番59 号 電話 952-25-7360 電子メールアドレス sagaseisaku@pref.saga.lg.jp (2) 説明書の交付期間及び方法 令和8年3月10 日(火)から同年4月1日(水)まで佐賀県ホームページに掲載する。
86,press_release,2026-03-10,佐賀さいこう!企画アカデミア企画・運営業務委託に係る企画コンペを実施します,https://www.pref.saga.lg.jp/kiji003118179/index.html,佐賀県 地域交流部 さが 創生推進課 自発の地域づくり担当,needs_reingest_inline_person,15 問合せ先 佐賀県 地域交流部 さが創生推進課 自発の地域づくり担当 中村、古川 〒840-8570 佐賀市城内1丁目1-59 TEL 0952-25-7505 FAX 0952-25-7423
176,proposal,2026-03-06,【質問への回答】令和8年度女性のためのキャリアトークカフェ事業業務委託に係る公募型プロポーザルに関する質問について,https://www.pref.saga.lg.jp/kiji003118441/index.html,,result_or_answer_page_without_contact,【質問への回答】令和8年度女性のためのキャリアトークカフェ事業業務委託に係る公募型プロポーザルに関する質問について
175,proposal,2026-03-06,クリエイティブ共創型生産性向上支援事業(経営課題可視化プロジェクト)業務委託のプロポーザルを実施します,https://www.pref.saga.lg.jp/kiji003118401/index.html,,source_has_department_only,(3)申込先 佐賀県産業労働部産業政策課(担当:関口) Mail:sangyouseisaku@pref.saga.lg.jp ※令和8年3月11日(水曜日)12時までに電子メールにて申し込むこと。 2.本プロポーザルへの参加申込 (1) 提出書類 ア 参加確認申請書
123,press_release,2026-03-06,アクセシビリティについて,https://www.pref.saga.lg.jp/kiji00348706/index.html,.担当部署,no_contact_section_detected,アクセシビリティについて / 最終更新日: / 2026年3月6日 / 取り組み / 佐賀県では、高齢者や障害者を含む誰もが利用できるよう、日本工業規格「JIS X 8341-3:2016(※)」に基づき、以下の方針を定め、ホームページのアクセシビリティの維持・向上に努めてまいります。 / 1.対象範囲 / 佐賀県ホームページ / http://www.pref.saga.lg.jp
883,press_release,2026-03-05,令和8年度「県政ガイド」冊子等制作業務委託に係るプロポーザルを実施します,https://www.pref.saga.lg.jp/kiji003118124/index.html,佐賀県政策部広報広聴課広聴担当(担当:川久保、緒方),needs_reingest_inline_person,3 手続等に関する事項 (1)担当課 佐賀県 政策部 広報広聴課 広聴担当 住所 840-8570 佐賀県佐賀市城内1-1-59 電話番号0952-25-7351 電子メールアドレス kouhou-kouchou@pref.saga.lg.jp
94,proposal,2026-03-05,【質問への回答】佐賀県唐津地区高等学校等寄宿舎舎監業務委託契約に係る公募型プロポーザルに関する質問について,https://www.pref.saga.lg.jp/kiji003118461/index.html,,result_or_answer_page_without_contact,【質問への回答】佐賀県唐津地区高等学校等寄宿舎舎監業務委託契約に係る公募型プロポーザルに関する質問について
959,press_release,2026-03-04,ノーコードツール(kintone)調達に係る一般競争入札を実施します,https://www.pref.saga.lg.jp/kiji003118428/index.html,佐賀県総務部行政デジタル推進課(新館6階),source_has_department_only,(1) 担当課 佐賀県総務部行政デジタル推進課(新館6階) 郵便番号 840-8570 佐賀県佐賀市城内1丁目1番59 号 電話番号 0952-25-7086 電子メールアドレス gyousei-digital@pref.saga.lg.jp
96,proposal,2026-03-04,【質問への回答】SAGAハイスクールプロモーション業務に係る公募型企画コンペに関する質問について,https://www.pref.saga.lg.jp/kiji003118338/index.html,,result_or_answer_page_without_contact,【質問への回答】SAGAハイスクールプロモーション業務に係る公募型企画コンペに関する質問について
974,press_release,2026-03-03,浄化槽台帳整備に係る現地調査業務委託の条件付き一般競争入札を実施します,https://www.pref.saga.lg.jp/kiji003117197/index.html,開札場所 佐賀県庁新館8階 81号会議室,needs_reingest_inline_person,〒840-8570 佐賀県佐賀市城内1丁目1番59 号 佐賀県県土整備部下水道課 浄化槽担当 TEL 0952-25-7185 E-mail gesuidou@pref.saga.lg.jp 4 入札参加資格の確認
50,press_release,2026-03-03,令和8年度県立学校児童生徒の尿検査業務委託に係る条件付一般競争入札を実施します,https://www.pref.saga.lg.jp/kiji003118344/index.html,佐賀県教育委員会事務局 保健体育課 健康教育担当,needs_reingest_inline_person,お問い合わせ先 佐賀県教育委員会事務局 保健体育課 健康教育担当 電話:0952-25-7234 ファックス:0952-25-7477 メールアドレス:hoken-taiiku@pref.saga.lg.jp サイトポリシー
49,press_release,2026-03-03,令和8年度県立学校生徒の結核検診業務委託に係る条件付一般競争入札を実施します,https://www.pref.saga.lg.jp/kiji003118350/index.html,佐賀県教育委員会事務局 保健体育課 健康教育担当,needs_reingest_inline_person,問い合わせ先 佐賀県教育委員会事務局 保健体育課 健康教育担当 電話:0952-25-7234 ファックス:0952-25-7477 メールアドレス:hoken-taiiku@pref.saga.lg.jp サイトポリシー
48,proposal,2026-03-03,【質問回答】令和8年度特定保健指導力向上人材育成事業に係るプロポーザルに関する質問への回答を掲載します,https://www.pref.saga.lg.jp/kiji003118390/index.html,,result_or_answer_page_without_contact,【質問回答】令和8年度特定保健指導力向上人材育成事業に係るプロポーザルに関する質問への回答を掲載します
47,press_release,2026-03-03,【説明会資料掲載】令和8年度佐賀県特定保健指導力向上人材育成事業業務委託に係るプロポーザルの説明会を実施しました。,https://www.pref.saga.lg.jp/kiji003118391/index.html,,no_contact_section_detected,【説明会資料掲載】令和8年度佐賀県特定保健指導力向上人材育成事業業務委託に係るプロポーザルの説明会を実施しました。 / 最終更新日: / 2026年3月3日 / 【説明会資料掲載】令和8年度佐賀県特定保健指導力人材育成事業業務委託に係るプロポーザルの説明会を実施しました。 / 令和8年2月24日(火曜日)に標記説明会を実施しましたので、説明会資料を掲載します。 / 説明会資料 / (PDF:1.06メガバイト) / ---
52,proposal,2026-03-02,「令和7年度生成AI利活用研修委託業務」に関する企画コンペの結果について,https://www.pref.saga.lg.jp/kiji003118320/index.html,,no_contact_section_detected,「令和7年度生成AI利活用研修委託業務」に関する企画コンペの結果について / 最終更新日: / 2026年3月2日 / 企画コンペの結果について / 令和7年12月22日付けで公示した「令和7年度生成AI利活用研修委託業務」に関する企画コンペの結果については、下記のとおりです。 / 記 / 1 委託業務名 / 令和7年度生成AI利活用研修委託業務
51,proposal,2026-03-02,【質問内容及び回答】令和8年度佐賀型カーボンニュートラルチャレンジモデル企業創出等業務委託に係る企画コンペを実施します,https://www.pref.saga.lg.jp/kiji003112032/index.html,,no_contact_section_detected,【質問内容及び回答】令和8年度佐賀型カーボンニュートラルチャレンジモデル企業創出等業務委託に係る企画コンペを実施します / 最終更新日: / 2026年3月2日 / 下記、委託業務に係る企画コンペについて質問がありましたので、添付ファイルのとおり回答いたします。 / 記 / <委託業務名> / 令和8年度佐賀型カーボンニュートラルチャレンジモデル企業創出等業務委託 / (リンク)
1023,press_release,2026-02-27,令和8年度佐賀県保育士等キャリアアップ研修業務委託に係る企画コンペを実施します,https://www.pref.saga.lg.jp/kiji003118313/index.html,佐賀県健康福祉部男女参画・こども局こども未来課,needs_reingest_inline_person,担当課 佐賀県健康福祉部男女参画・こども局 こども未来課 保育幼稚園担当 住所 〒840-8570 佐賀県佐賀市城内1-1-59 電話 0952-25-7616
37,proposal,2026-02-27,「IT資産管理システムライセンス賃貸借契約」に係る条件付1般競争入札について,https://www.pref.saga.lg.jp/kiji003118236/index.html,佐賀県総務部行政デジタル推進課 情報監理担当,no_contact_section_detected,﻿ / 「IT資産管理システムライセンス賃貸借契約」に係る条件付1般競争入札について / 佐賀県 / ヘッダーをスキップ / 本文へジャンプ / Foreign Language / English / 中文(简化字) / 中文(繁體字)
177,proposal,2026-02-26,【質問回答追記】「令和8年度佐賀県伝承芸能次世代継承事業」企画運営等業務の委託に係る公募型プロポーザルを実施します,https://www.pref.saga.lg.jp/kiji003117931/index.html,佐賀県 文化・観光局 文化課 佐賀復権推進チーム,needs_reingest_inline_person,5 発注者 佐賀県 文化・観光局 文化課 〒840-8570 佐賀県佐賀市城内1丁目1番59 号 新館11 階 電話:952-25-7236 FAX:952-25-7179 E-mail:culture_art@pref.saga.lg.jp
97,press_release,2026-02-24,「スノーピーク グラウンズ 吉野ヶ里」開業セレモニー実施業務委託に係る公募型プロポーザルの審査結果について,https://www.pref.saga.lg.jp/kiji003118241/index.html,,result_or_answer_page_without_contact,「スノーピーク グラウンズ 吉野ヶ里」開業セレモニー実施業務委託に係る公募型プロポーザルの審査結果について
131,proposal,2026-02-20,【2月20日追記:質問回答掲載】佐賀県母子父子寡婦福祉資金未収金回収業務委託に係る企画コンペを実施します,https://www.pref.saga.lg.jp/kiji003117961/index.html,,needs_reingest_inline_person,10 問い合わせ、提出先 担 当 課 佐賀県男女参画・こども局 こども家庭課 家庭支援担当 住 所 〒840-8570 佐賀県佐賀市城内1-1-59 電 話 952-25-7567 メールアドレス kodomo-katei@pref.saga.lg.jp
178,proposal,2026-02-19,結婚支援管理システム構築・運用・保守業務委託に係る公募型プロポーザルを実施します,https://www.pref.saga.lg.jp/kiji003118189/index.html,,needs_reingest_inline_person,16 書類等提出先及び問い合わせ先 佐賀県男女参画・こども局 こども未来課 子育てし大県推進担当 兼武 〒840-8570 佐賀県佐賀市城内1丁目1-59(佐賀県庁旧館3 階) 電話 952-25-7381 FAX 952-25-7339 メール kodomomirai@pref.saga.lg.jp
53,proposal,2026-02-19,令和8年度佐賀型カーボンニュートラルチャレンジモデル企業創出等業務委託に係る企画コンペを実施します,https://www.pref.saga.lg.jp/kiji003111896/index.html,第6 乙は、個人情報を取り扱うにあたって、部署名(●●課、●●係等)、事務名(●●,source_has_department_only,(1)担当部署 佐賀県産業労働部産業グリーン化推進グループ産業グリーン化担当 郵便番号840-8570 佐賀県佐賀市城内1-1-59 電話 952-25-7380 ファックス番号 952-25-7369 電子メールアドレス sangyou-green@pref.saga.lg.jp (2)説明書の交付期間及び方法
98,press_release,2026-02-18,令和8年度「佐賀さいこうアート推進事業」企画運営等業務の委託に係る公募型プロポーザルを実施します,https://www.pref.saga.lg.jp/kiji003118154/index.html,行に必要な履行条件などの協議と調整を行い、協議が成立した場合は、本業務に係る随意,needs_reingest_inline_person,7.問い合わせ先 佐賀県文化・観光局文化課 芸術担当 古賀、豊田 〒840-8570 佐賀市城内1丁目1-59 TEL:0952-25-7236 E-mail:culture_art@pref.saga.lg.jp
1028,press_release,2026-02-16,佐賀県唐津地区高等学校等寄宿舎舎監業務委託契約に係る公募型プロポーザルを実施します,https://www.pref.saga.lg.jp/kiji003118100/index.html,企画提案書の内容に未記入箇所がある場合や、添付資料等の不備により記載内容が,no_contact_section_detected,佐賀県唐津地区高等学校等寄宿舎舎監業務委託契約に係る公募型プロポーザルを実施します / 最終更新日: / 2026年2月16日 / 佐賀県唐津地区高等学校等寄宿舎舎監業務委託契約に係る公募型プロポーザルを実施します / 本委託業務は、唐津地区高等学校等寄宿舎における舎監業務を委託するものであり、親元を離れスポーツや学業に励もうとする生徒たちに日常的な声掛けや面談、緊急時等の対応を行い、安心して高校生活を送れるようサポートすることを目的として業務を行います。 / この唐津地区高
977,press_release,2026-02-16,令和8年度佐賀県特定保健指導力向上人材育成事業業務委託に係るプロポーザルを実施します,https://www.pref.saga.lg.jp/kiji003118128/index.html,.提出場所,source_has_department_only,(1) 担当課 佐賀県健康福祉部国民健康保険課国保医療担当 住所 840-8570 佐賀県佐賀市城内1丁目1-59 電話 0952-25-7057 ファックス番号 0952-25-7301 電子メールアドレス kokuho@pref.saga.lg.jp (2) 説明書の交付期間及び方法
923,press_release,2026-02-16,令和8年度「佐賀県外国人材雇用サポート事業」企画・運営業務委託に関する企画提案を募集します,https://www.pref.saga.lg.jp/kiji003118112/index.html,佐賀県産業労働部産業人材課(産業人材(外国人)担当),source_has_department_only,8.問い合わせ先、申し込み先 佐賀県産業労働部産業人材課(産業人材(外国人)担当) 郵便番号:840-8570 住所:佐賀市城内1-1-59 E Mail: sangyoujinzai@pref.saga.lg.jp
1030,press_release,2026-02-13,令和8年度「心のテレホン相談事業」の委託に関する企画提案書を募集します。,https://www.pref.saga.lg.jp/kiji00384469/index.html,提出場所,needs_reingest_inline_person,15 問い合わせ先、担当 佐賀県教育委員会事務局学校教育課生徒支援室 生徒支援担当 電話番号 0952-25-7222 FAX 0952-25-7633 メールアドレス gakkoukyouiku@pref.saga.lg.jp ---
1029,press_release,2026-02-13,令和8年度佐賀県入院者訪問支援事業実施業務に係る企画提案競技(プロポーザル方式)参加者を募集します,https://www.pref.saga.lg.jp/kiji003115129/index.html,提出場所,source_has_department_only,(1) 担当課 佐賀県健康福祉部障害福祉課精神保健福祉担当 〒840-8570 佐賀県佐賀市城内1-1-59 (電話)0952-25-7064 (FAX)0952-25-7302 (E-mail)shougaifukushi@pref.saga.lg.jp (2) 説明書の交付期間及び方法 令和8年2月13日(金)から同年度3月31日(月)まで佐賀県ホームページに掲
978,press_release,2026-02-13,令和8年度佐賀県医療的ケア児支援センター運営業務に係る企画提案競技(プロポーザル方式)参加者を募集します,https://www.pref.saga.lg.jp/kiji003117694/index.html,佐賀県健康福祉部障害福祉課地域生活支援担当,source_has_department_only,(1) 担当課 佐賀県健康福祉部障害福祉課地域生活支援担当 郵便番号840-8570 佐賀県佐賀市城内1-1-59 2 電話 0952-25-7064 ファックス番号 0952-25-7302 電子メールアドレス shougaifukushi@pref.saga.lg.jp
133,proposal,2026-02-13,CSOつながり支援事業委託業務に係るプロポーザルを実施します,https://www.pref.saga.lg.jp/kiji003117924/index.html,佐賀県 県民環境部 県民協働課 協働社会推進担当,needs_reingest_inline_person,4.問い合わせ先 佐賀県 県民環境部 県民協働課 協働社会推進担当 丸田、野上 電話 952-25-7374 FAX 952-25-7561 メール
132,proposal,2026-02-13,「令和8年度グランブルー・ツーリズム情報発信事業」業務委託に係るプロポーザルを 実施します,https://www.pref.saga.lg.jp/kiji003112548/index.html,,needs_reingest_inline_person,3 手続等に関する事項 (1) 担当課 佐賀県地域交流部文化・観光局観光課 観光企画担当 〒840-8570 佐賀県佐賀市城内1-1-59 佐賀県庁新館11 階 電話 952-25-7386
179,proposal,2026-02-09,令和8年度佐賀県伝承芸能保存活用事業情報発信・映像記録制作業務委託に係る企画コンペを実施します,https://www.pref.saga.lg.jp/kiji003117932/index.html,佐賀県 文化・観光局 文化課 [担当]佐賀復権推進チーム,source_has_department_only,6 問合せ先、担当 佐賀県 文化・観光局 文化課 [担当]佐賀復権推進チーム TEL 952ー25-7236 FAX 952-25-7179 メール culture_art@pref.saga.lg.jp (別表) 佐賀県伝承芸能保存活用事業(まつりびと) 撮影対象芸能リスト(H25~R7年度) 【平成25 年度】
200,press_release,2026-02-06,第51回衆議院議員総選挙及び第27回最高裁判所裁判官国民審査の投票日を明後日に控えての佐賀県選挙管理委員会委員長の談話を発表します,https://www.pref.saga.lg.jp/kiji003117804/index.html,,needs_reingest_explicit_person,担当者 竹村 内線1331 直通 952-25-7025 E-mail:senkyokanrii@pref.saga.lg.jp 第51回衆議院議員総選挙及び第27回最高裁判所裁判官国民審査の投票日を明後日に控えての佐賀県選挙管理委員会委員長の談話を発表します
118,press_release,2026-02-06,もっと見る,https://www.pref.saga.lg.jp/dynamic/hpkiji/pub/hpkijilistpagerhandler.ashx?c_id=3&class_id=693&class_set_id=1&pg=2&kbn=kijilist&top_id=0,,no_contact_section_detected,2026年2月6日更新 / 第51回衆議院議員総選挙及び第27回最高裁判所裁判官国民審査の投票日を明後日に控えての佐賀県選挙管理委員会委員長の談話を発表します / 2026年1月30日更新 / 第2回 筑後川流域水懇談会の開催について / 2026年1月29日更新 / 西九州大学スポーツ健康科学センターにHPSCネットワーク連携機関指定証書が交付されます / 2026年1月28日更新 / 令和8年度中高一貫教育校佐賀県立中学校入学者選抜の合格者が決定しました
201,press_release,2026-01-30,第2回 筑後川流域水懇談会の開催について,https://www.pref.saga.lg.jp/kiji003117871/index.html,,needs_reingest_explicit_person,担当者 山下(ヤマシタ) 内線 2678 直通 952-25-7540 E-mail kasensabou@pref.saga.lg.jp
203,press_release,2026-01-28,令和8年度中高1貫教育校佐賀県立中学校入学者選抜の合格者が決定しました,https://www.pref.saga.lg.jp/kiji00372594/index.html,,needs_reingest_explicit_person,担当者 森戸、福島 直通 952-25-7395 【E-mail】 gakkoukyouiku@pref.saga.lg.jp
205,press_release,2026-01-22,~多様な働き方を活用し、人材不足を乗り切る~「副業・兼業人材の活用セミナー・相談会」を開催します,https://www.pref.saga.lg.jp/kiji003117771/index.html,,needs_reingest_inline_person,令和8年1月22日 産業人材課 産業人材担当 担当者 松井、馬渡、坂田 内線 2245 直通 952-25-7310 E-mail sangyoujinzai@pref.saga.lg.jp
202,press_release,2026-01-20,西9州大学スポーツ健康科学センターにHPSCネットワーク連携機関指定証書が交付されます,https://www.pref.saga.lg.jp/kiji003117859/index.html,,needs_reingest_explicit_person,担当者 野口、平間、田中 内線 1740、1996、1970 直通 952-25-7345 E-mail ssp-t@pref.saga.lg.jp
206,press_release,2026-01-15,競技の垣根を越えて学びあおう 「第4回SSPクロスキャンプ」を開催します,https://www.pref.saga.lg.jp/kiji003117669/index.html,,needs_reingest_explicit_person,担当者 田中 内線 1970 直通 952-25-7345 E-mail ssp-t@pref.saga.lg.jp 競技の垣根を越えて学びあおう「第4回SSPクロスキャンプ」を開催します。
204,press_release,2026-01-15,第24回佐賀県渇水対策連絡会を開催します,https://www.pref.saga.lg.jp/kiji003117838/index.html,,needs_reingest_explicit_person,担当者 帆足、岸川、廣田 内線 2823 直通 952-25-7183 E-mail: kasensabou@pref.saga.lg.jp
207,press_release,2026-01-13,第23回佐賀県渇水対策連絡会を開催します,https://www.pref.saga.lg.jp/kiji003117639/index.html,,needs_reingest_explicit_person,担当者 帆足、岸川、廣田 内線 2823 直通 952-25-7183 E-mail: kasensabou@pref.saga.lg.jp
181,proposal,2026-01-13,【入札結果】吉野ヶ里遺跡甕棺墓体験展示用模型等製作業務委託,https://www.pref.saga.lg.jp/kiji003117676/index.html,,result_or_answer_page_without_contact,【入札結果】吉野ヶ里遺跡甕棺墓体験展示用模型等製作業務委託
134,proposal,2026-01-13,医療・福祉・保育施設等物価高騰対応支援金支給事業の申請受付等業務委託に係る条件付1般競争入札を実施します,https://www.pref.saga.lg.jp/kiji003117635/index.html,佐賀県健康福祉部障害福祉課 企画担当(新館3,needs_reingest_inline_person,(8)問合せ先 佐賀県健康福祉部障害福祉課 企画担当 TEL:952-25-7143 FAX:952-25-7302 E-mail:shougaifukushi@pref.saga.lg.jp ---
208,press_release,2026-01-06,中山間地域における農業・農村関係人口創出のため「さが農業×企業・団体・大学マッチングサイト」を開設しました,https://www.pref.saga.lg.jp/kiji003112495/index.html,,needs_reingest_explicit_person,担当者 坂井、中河原、松尾 内線 2495 直通 952-25-7115 E-mail chusankan@pref.saga.lg.jp 中山間地域における農業・農村関係人口創出のため「さが農業×企業・団体・大学マッチングサイト」を開設しました
54,press_release,2025-12-26,佐賀県立鳥栖特別支援学校及び佐賀県立中原特別支援学校給食調理業務委託に係る総合評価一般競争入札の結果をお知らせします,https://www.pref.saga.lg.jp/kiji003117541/index.html,,result_or_answer_page_without_contact,佐賀県立鳥栖特別支援学校及び佐賀県立中原特別支援学校給食調理業務委託に係る総合評価一般競争入札の結果をお知らせします
211,press_release,2025-12-25,令和7年仕事納め式を行います,https://www.pref.saga.lg.jp/kiji00397064/index.html,,needs_reingest_explicit_person,担当者 大塚、中山 内線 1155、1158 直通 952-25-7007 E-mail: hisho@pref.saga.lg.jp 令和7年仕事納め式を行います
210,press_release,2025-12-25,御遺族の想いをしたためた「書」を 佐賀県内の高等学校等で展示します ~平和への想いを未来につなぐ~,https://www.pref.saga.lg.jp/kiji003117360/index.html,,needs_reingest_explicit_person,担当者 西岡、小柳 内線 1520 直通 952-25-7602 E-mail syakaifukushi@pref.saga.lg.jp 御遺族の
135,proposal,2025-12-25,令和7年度9州エコファミリー応援アプリ9州統1広報事業委託業務に係る企画提案競技を実施します,https://www.pref.saga.lg.jp/kiji003117415/index.html,,needs_reingest_inline_person,大分県大分市大手町3-1-1 大分県生活環境部環境政策課 脱炭素社会推進班 中川 電話:97-506-3024 メールアドレス:a13090@pref.oita.lg.jp このページに関する
961,press_release,2025-12-24,「令和7年度生成AI利活用研修委託業務」に関する企画コンペを実施します。,https://www.pref.saga.lg.jp/kiji003117452/index.html,佐賀県総務部行政デジタル推進課行政デジタル化担当,source_has_department_only,(1) 担当課 佐賀県総務部行政デジタル推進課行政デジタル化担当 住 所 〒840-8570 佐賀県佐賀市城内1-1-59 電 話 0952-25-7390 ファックス番号 0952-25-7299 電子メールアドレス gyousei-digital@pref.saga.lg.jp (2) 説明書の交付期間及び方法
182,proposal,2025-12-24,【12月24日追記:質問回答掲載】佐賀県農業改良資金未収金回収務委託に係る公募型プロポーザルを実施します。,https://www.pref.saga.lg.jp/kiji003117268/index.html,,needs_reingest_inline_person,※期限までに必要書類の提出がなかった場合、本プロポーザルへの参加はできません。 (3)提出先 :佐賀県農林水産部 生産者支援課 農林水産金融担当 (4)提出方法:電子メールにて送信または持参、郵送にて提出。 (注)郵送の場合は、配達事故を防ぐため、配達記録が残る方法とすること。 電子メールの場合は、送信後、着信確認の電話をすること。
184,proposal,2025-12-22,吉野ヶ里遺跡甕棺墓体験展示用模型等製作業務委託の条件付1般競争入札を行います。,https://www.pref.saga.lg.jp/kiji003117439/index.html,,needs_reingest_inline_person,郵便番号840-8570 佐賀県佐賀市城内1丁目1番59号 佐賀県文化・観光局 文化課文化財保護・活用室 吉野ヶ里遺跡担当 電話 952-25-7233 4 公告に関する質問・回答 (1)公告に関する質問
183,proposal,2025-12-22,SAGA BARプロモーション事業「若者向け佐賀酒学」業務委託に係る企画提案競技(プロポーザル)を実施いたします,https://www.pref.saga.lg.jp/kiji003117429/index.html,,no_contact_section_detected,﻿ / SAGA BARプロモーション事業「若者向け佐賀酒学」業務委託に係る企画提案競技(プロポーザル)を実施いたします / 佐賀県 / ヘッダーをスキップ / 本文へジャンプ / Foreign Language / English / 中文(简化字) / 中文(繁體字)
185,proposal,2025-12-19,唐津青翔高等学校eスポーツ学科の教材制作等業務委託に係るプロポーザルの結果をお知らせします,https://www.pref.saga.lg.jp/kiji003117316/index.html,,result_or_answer_page_without_contact,唐津青翔高等学校eスポーツ学科の教材制作等業務委託に係るプロポーザルの結果をお知らせします
186,proposal,2025-12-18,第80回全国お茶まつり佐賀大会広報資材デザイン作成業務委託に係る 企画コンペを実施します,https://www.pref.saga.lg.jp/kiji003117401/index.html,第80回全国お茶まつり佐賀大会実行員会事務局(佐賀県園芸農産課内)担当,needs_reingest_inline_person,15 問い合わせ先 担当課 第80回全国お茶まつり佐賀大会実行員会事務局(佐賀県園芸農産課内)担当 下野、古賀 住所:〒840-8570 佐賀県佐賀市城内1-1-59 電話:952-25-7119 電子メールアドレス:ochamatsuri_saga@pref.saga.lg.jp
213,press_release,2025-12-15,佐賀県内の学校が第18回キャリア教育優良教育委員会、学校及びPTA団体等文部科学大臣表彰の被表彰団体として決定されました,https://www.pref.saga.lg.jp/kiji00371953/index.html,,needs_reingest_explicit_person,担当者 森戸、松本 直通 952-25-7048 【E-mail】 gakkoukyouiku@pref.saga.lg.jp
214,press_release,2025-12-11,第22回佐賀県渇水対策連絡会を開催します,https://www.pref.saga.lg.jp/kiji003117318/index.html,,needs_reingest_explicit_person,担当者 帆足、岸川、廣田 内線 2823 直通 952-25-7183 E-mail kasensabou@pref.saga.lg.jp 第22回佐賀県渇水対策連絡会を開催します
180,proposal,2025-12-08,佐賀県農業改良資金未収金回収業務委託に係る企画提案競技(公募型プロポーザル方式)の中止について。,https://www.pref.saga.lg.jp/kiji003117698/index.html,,no_contact_section_detected,﻿ / 佐賀県農業改良資金未収金回収業務委託に係る企画提案競技(公募型プロポーザル方式)の中止について。 / 佐賀県 / ヘッダーをスキップ / 本文へジャンプ / Foreign Language / English / 中文(简化字) / 中文(繁體字)
215,press_release,2025-12-04,偉人も「GO!GO!SAGA!」偉人モニュメントが佐賀バルーナーズブースターに変身します!,https://www.pref.saga.lg.jp/kiji003117226/index.html,株式会社佐賀バルーナーズ 偉人モニュメント担当,needs_reingest_explicit_person,担当者 園田、大森 内線 2993 直通 952-25-7236 E-mail:culture_art@pref.saga.lg.jp 偉人も「GO!GO!SAGA!」
217,press_release,2025-11-28,「ジャパンラグビーリーグワンDIVISION1」の佐賀県初開催に伴いリコーブラックラムズ東京のGMが山口知事を訪問されます,https://www.pref.saga.lg.jp/kiji003117132/index.html,,needs_reingest_explicit_person,担当者 松雪 内線:1746 直通:952-25-7623 E-mail: ssp-t@pref.saga.lg.jp 「ジャパンラグビーリーグワンDIVISION1」の佐賀県初開催に伴いリコーブラックラムズ東京のGMが山口知事を訪問されます
216,press_release,2025-11-28,佐賀アジアドリームズと埼玉西武ライオンズの 関係者が山口知事を訪問されます,https://www.pref.saga.lg.jp/kiji003117133/index.html,,needs_reingest_explicit_person,担当者 松雪 内線:1746 直通:952-25-7623 E-mail: ssp-t@pref.saga.lg.jp
87,press_release,2025-11-27,<事後審査型>PLA PLA蛇篭等物品の物品調達に係る条件付一般競争入札を実施します,https://www.pref.saga.lg.jp/kiji003117006/index.html,佐賀県脱炭素社会推進課,source_has_department_only,(3)提出先 : 佐賀県脱炭素社会推進課 (4)提出方法: 持参又は郵送(郵送の場合は同日時必着) 5 仕様書等に対する質問書の受付等 (1)提出締切:令和7年12月1日(月曜日) 14時まで (2)提出方法:datsutansosuishin@pref.saga.lg.jpに、「質問書(様式第5号)」(添付ファイルの「入札関連様式」をダウンロード)を送信してください。 詳しくは添付ファイルを参照してください。
212,press_release,2025-11-26,令和7年11月定例県議会の採決結果をお知らせします,https://www.pref.saga.lg.jp/kiji003117363/index.html,,result_or_answer_page_without_contact,令和7年11月定例県議会の採決結果をお知らせします
136,proposal,2025-11-26,【危機管理防災課】令和7年度原子力防災活動資機材(サーベイメータ)点検・校正業務に係る条件付1般競争入札を実施します。,https://www.pref.saga.lg.jp/kiji003117082/index.html,,source_has_department_only,※担当課 郵便番号840-8570 佐賀県佐賀市城内1丁目1番59 号 佐賀県政策部危機管理・報道局 危機管理防災課 原子力災害対策担当 電話 952-25-7362 FAX 952-25-7262 E-mail:kikikanribousai@pref.saga.lg.jp 4 入札参加資格の確認 3で提出された書類を審査のうえ、入札参加資格の適否を決定します。
38,proposal,2025-11-21,佐賀県共同受注ポータルサイト作成・運用保守業務委託に係るプロポーザルの結果をお知らせします,https://www.pref.saga.lg.jp/kiji003117125/index.html,,result_or_answer_page_without_contact,佐賀県共同受注ポータルサイト作成・運用保守業務委託に係るプロポーザルの結果をお知らせします
189,proposal,2025-11-20,「ツール・ド・9州2026佐賀ステージ(仮)機運醸成委託業務」に係るプロポーザルの審査結果をお知らせします,https://www.pref.saga.lg.jp/kiji003117003/index.html,,result_or_answer_page_without_contact,「ツール・ド・9州2026佐賀ステージ(仮)機運醸成委託業務」に係るプロポーザルの審査結果をお知らせします
188,proposal,2025-11-20,東京圏向け”さが暮らしセミナー”企画運営業務委託企画コンペに係る質問への回答を掲載します,https://www.pref.saga.lg.jp/kiji003116997/index.html,,result_or_answer_page_without_contact,東京圏向け”さが暮らしセミナー”企画運営業務委託企画コンペに係る質問への回答を掲載します
88,press_release,2025-11-20,<事後審査型>PLA PLA厨房機材等物品の物品調達に係る条件付一般競争入札を実施します,https://www.pref.saga.lg.jp/kiji003116789/index.html,佐賀県脱炭素社会推進課,source_has_department_only,(3)提出先 : 佐賀県脱炭素社会推進課 (4)提出方法: 持参又は郵送(郵送の場合は同日時必着) 5 仕様書等に対する質問書の受付等 (1)提出締切:令和7年11月11日(火曜日) 14時まで (2)提出方法:datsutansosuishin@pref.saga.lg.jpに、「質問書(様式第5号)」(添付ファイルの「入札関連様式」をダウンロード)を送信してください。 詳しくは添付ファイルを参照してください。
219,press_release,2025-11-19,嬉野市が県内の市町で初めて「ひなんさんぽ」を実施されます,https://www.pref.saga.lg.jp/kiji003116979/index.html,,needs_reingest_inline_person,令和7年11月19日 社会福祉課 地域福祉担当 担当者 冨安 内線 1598 直通 952-25-7053 E-mail syakaifukushi@pref.saga.lg.jp
218,press_release,2025-11-18,王座奪還プロジェクト 令和7年度中学硬式野球選抜チーム発足式・遠征を行います,https://www.pref.saga.lg.jp/kiji003116718/index.html,,needs_reingest_inline_person,令和7年11月18日 アスリート育成支援チーム 育成支援担当 担当者 山田、峯 内線 2708 直通 952-25-7528 E-mail: athlete-shien@pref.saga.lg.jp
23,proposal,2025-11-17,佐賀県建設工事等入札心得(令和7年10月1日1部改正),https://www.pref.saga.lg.jp/kiji00348611/index.html,契約の保証に係る契約保証金の額、保証金額又は保険金額は、請負金額又は委,no_contact_section_detected,佐賀県建設工事等入札心得(令和7年10月1日1部改正) / 最終更新日: / 2025年11月17日 / 「佐賀県建設工事等入札心得」の1部を改正しました。 / 改正後の入札心得は、令和7年10月1日以降に公告されるものから適用します。 / 【今回の改正内容】 / 令和7年4月1日地方自治法施行令改正により、随意契約の金額等が見直されたことを受け、 / 委託業務における契約保証金の免除できる金額を1000000円以下⇒2000000円以下に変更した。
190,proposal,2025-11-11,「令和7年度佐賀県医療費等分析事業業務」に係るプロポーザルの審査結果をお知らせします,https://www.pref.saga.lg.jp/kiji003116062/index.html,,result_or_answer_page_without_contact,「令和7年度佐賀県医療費等分析事業業務」に係るプロポーザルの審査結果をお知らせします
221,press_release,2025-11-07,県営住宅の入居要件を見直し、入居募集を開始します,https://www.pref.saga.lg.jp/kiji003116792/index.html,,needs_reingest_explicit_person,担当者 中野 内線 2710 直通 952-25-7368 E-mail:kenchikujyuutaku@pref.saga.lg.jp 県営住宅の入居要件を見直し、入居募集を開始します
55,proposal,2025-11-06,【入札結果】佐賀道路建設に伴う文化財調査に係る出土遺物基礎整理業務委託(藤三郎屋敷遺跡I区),https://www.pref.saga.lg.jp/kiji003116770/index.html,,result_or_answer_page_without_contact,【入札結果】佐賀道路建設に伴う文化財調査に係る出土遺物基礎整理業務委託(藤三郎屋敷遺跡I区)
222,press_release,2025-11-03,令和7年秋の叙勲受章者が決定されました,https://www.pref.saga.lg.jp/kiji00399829/index.html,,needs_reingest_explicit_person,担当者 中山、柿本 内 線 1158、1153 直 通 952-25-7007 E-mail:hisho@pref.saga.lg.jp
223,press_release,2025-11-02,令和7年秋の褒章受章者が決定されました,https://www.pref.saga.lg.jp/kiji00399831/index.html,,needs_reingest_explicit_person,担当者 中山、柿本 内 線 1158、1153 直 通 952-25-7007 E-mail: hisho@pref.saga.lg.jp
102,proposal,2025-10-31,令和7年度介護の魅力発信事業に係るさがケアの特集記事作成及び会員向けメール作成業務委託に係る入札結果,https://www.pref.saga.lg.jp/kiji003116706/index.html,令和7年度介護の魅力発信事業に係るさがケアの特集記事作成及び会員向け,result_or_answer_page_without_contact,令和7年度介護の魅力発信事業に係るさがケアの特集記事作成及び会員向けメール作成業務委託に係る入札結果
191,proposal,2025-10-30,令和7年度「森川海人っサミット」企画・運営業務委託に係る企画提案競技(企画コンペ)の結果をお知らせします,https://www.pref.saga.lg.jp/kiji003116660/index.html,,result_or_answer_page_without_contact,令和7年度「森川海人っサミット」企画・運営業務委託に係る企画提案競技(企画コンペ)の結果をお知らせします
103,proposal,2025-10-28,【入札結果】佐賀県豚熱経口ワクチン散布業務(後期)一般競争入札について,https://www.pref.saga.lg.jp/kiji003116627/index.html,,result_or_answer_page_without_contact,【入札結果】佐賀県豚熱経口ワクチン散布業務(後期)一般競争入札について
224,press_release,2025-10-27,第26回佐賀県美しい景観づくり審議会を開催します,https://www.pref.saga.lg.jp/kiji003116621/index.html,,needs_reingest_inline_person,令和7年10月27日 まちづくり課 景観担当 担当者 稲村、樅木 内線 2668 直通 952-25-7326 E-mail:machizukuri@pref.saga.lg.jp
192,proposal,2025-10-24,鍋島焼 献上の歩み展(佐賀)運営・広報等委託業務に係る企画提案競技(企画コンペ方式)を実施します,https://www.pref.saga.lg.jp/kiji003116575/index.html,佐賀県 産業労働部,needs_reingest_inline_person,佐賀県 産業労働部 流通・貿易課 伝統産業支援室 電話:952-25-7095 FAX:952-25-7307 E-mail:
226,press_release,2025-10-11,第45回危険業務従事者叙勲受章者が決定されました,https://www.pref.saga.lg.jp/kiji00399176/index.html,,needs_reingest_inline_person,令和7年10月11日 秘書課 秘書担当 担当者 中山、柿本 内線 1158、1153 直通 952-25-7007
227,press_release,2025-10-10,テーマ展「佐賀城を知る」を開催します」,https://www.pref.saga.lg.jp/kiji003116359/index.html,,needs_reingest_explicit_person,担当者 安永、都留、末次 直通 952-41-7550 E-mail: rekishikan@pref.saga.lg.jp
193,proposal,2025-10-10,「令和7年度看護の仕事体験事業及び合同就職説明会運営業務」委託に係る公募型プロポーザルの最優秀提案事業者を決定しました,https://www.pref.saga.lg.jp/kiji003116361/index.html,,no_contact_section_detected,﻿ / 「令和7年度看護の仕事体験事業及び合同就職説明会運営業務」委託に係る公募型プロポーザルの最優秀提案事業者を決定しました / 佐賀県 / ヘッダーをスキップ / 本文へジャンプ / Foreign Language / English / 中文(简化字) / 中文(繁體字)
228,press_release,2025-10-09,ボランティアによる佐賀城石垣の清掃が行われます,https://www.pref.saga.lg.jp/kiji003116380/index.html,,needs_reingest_inline_person,令和7年 10月9日 佐賀城本丸歴史館 企画学芸課 企画担当 担当者 秋山 直通 952-41-7550 E-mail: rekishikan@pref.saga.lg.jp
56,proposal,2025-10-09,【入札結果】佐賀道路建設に伴う文化財調査に係る出土遺物実測等業務委託(藤三郎屋敷遺跡H区),https://www.pref.saga.lg.jp/kiji003116374/index.html,,result_or_answer_page_without_contact,【入札結果】佐賀道路建設に伴う文化財調査に係る出土遺物実測等業務委託(藤三郎屋敷遺跡H区)
225,press_release,2025-10-07,売茶翁生誕350年特別展「売茶翁と若冲」後期展示が始まります!,https://www.pref.saga.lg.jp/kiji003116598/index.html,,needs_reingest_explicit_person,担当者 渡部、安東、竹下 内線 3717 直通 952-24-3947 E-mail hakubi@pref.saga.lg.jp 売茶翁生誕350年特別展「売茶翁と若冲」後期展示が始まります!
137,proposal,2025-10-03,【入札結果】令和7年度名護屋城跡並陣跡保存整備事業に伴う前田利家陣跡整備工事に係る実施設計業務委託,https://www.pref.saga.lg.jp/kiji003116138/index.html,,result_or_answer_page_without_contact,【入札結果】令和7年度名護屋城跡並陣跡保存整備事業に伴う前田利家陣跡整備工事に係る実施設計業務委託
220,press_release,2025-09-30,第63回技能5輪全国大会・第45回全国アビリンピックの入賞者が入賞報告を行われます,https://www.pref.saga.lg.jp/kiji00378360/index.html,,needs_reingest_inline_person,【技能5輪に関すること】 産業人材課 スキルアップ担当 担 当 者 垣永・虎取 内線 2187 直通 952-25-7310 E-mail:sangyoujinzai@pref.saga.lg.jp
138,proposal,2025-09-29,【入札結果】吉野ヶ里遺跡発掘調査現場警備業務委託,https://www.pref.saga.lg.jp/kiji003115969/index.html,,result_or_answer_page_without_contact,【入札結果】吉野ヶ里遺跡発掘調査現場警備業務委託
57,proposal,2025-09-25,産業技術学院在職者訓練(生成AI関係)実施業務に係る企画提案協議(企画コンペ方式)の審査結果について,https://www.pref.saga.lg.jp/kiji003115942/index.html,,result_or_answer_page_without_contact,産業技術学院在職者訓練(生成AI関係)実施業務に係る企画提案協議(企画コンペ方式)の審査結果について
194,proposal,2025-09-24,唐津キャッスルベイ拠点エリア(西ノ浜地区)基本計画策定等業務委託(プロポーザル方式)の契約結果について,https://www.pref.saga.lg.jp/kiji003114715/index.html,,no_contact_section_detected,﻿ / 唐津キャッスルベイ拠点エリア(西ノ浜地区)基本計画策定等業務委託(プロポーザル方式)の契約結果について / 佐賀県 / ヘッダーをスキップ / 本文へジャンプ / Foreign Language / English / 中文(简化字) / 中文(繁體字)
229,press_release,2025-09-22,教職員の人事異動を行います,https://www.pref.saga.lg.jp/kiji003115895/index.html,教職員の人事異動を行います,needs_reingest_inline_person,令和7年(2025年)9月19日 教職員課 小中学校人事担当 担当者 平石 内線 3234 直通 952-25-7212 E-mail kyoushokuin@pref.saga.lg.jp
195,proposal,2025-09-19,【質問に対する回答】高校生以上向け半導体魅力発信事業に係る企画コンペを実施します,https://www.pref.saga.lg.jp/kiji003115898/index.html,,result_or_answer_page_without_contact,【質問に対する回答】高校生以上向け半導体魅力発信事業に係る企画コンペを実施します
139,proposal,2025-09-19,【質問に対する回答】令和7年度企業ガイドブック作成業務に関する企画提案を募集します,https://www.pref.saga.lg.jp/kiji003115848/index.html,,result_or_answer_page_without_contact,【質問に対する回答】令和7年度企業ガイドブック作成業務に関する企画提案を募集します
26,proposal,2025-09-19,建設関連業務に関する入札結果等公表要領(令和7年10年1日改正),https://www.pref.saga.lg.jp/kiji00325855/index.html,,result_or_answer_page_without_contact,建設関連業務に関する入札結果等公表要領(令和7年10年1日改正)
25,proposal,2025-09-19,佐賀県建設工事条件付一般競争入札実施要領及び取扱基準(令和7年10月1日適用),https://www.pref.saga.lg.jp/kiji00356268/index.html,,no_contact_section_detected,佐賀県建設工事条件付一般競争入札実施要領及び取扱基準(令和7年10月1日適用) / 最終更新日: / 2025年9月19日 / 令和7年4月1日地方自治法施行令改正により、随意契約の金額等が見直されたことに伴い、条件付一般競争入札取扱基準(建設工事)を1部改正しました。なお、佐賀県建設工事条件付一般競争入札実施要領に変更はありません。 / 今回の改正については、令和7年10月1日から適用します。 / 【主な改正内容 令和7(2025)年10月1日】 / ・地方自治法施行令改正
24,proposal,2025-09-19,建設工事の入札及び契約の過程並びに契約の内容に関する事項の公表要領(令和7年10月1日改正),https://www.pref.saga.lg.jp/kiji00325943/index.html,,no_contact_section_detected,建設工事の入札及び契約の過程並びに契約の内容に関する事項の公表要領(令和7年10月1日改正) / 最終更新日: / 2025年9月19日 / 電子入札システムにより競争入札及び随意契約を行った場合は、入札結果を県HPで公表しています。 / なお、紙による競争入札等の場合は各発注機関にて公表しています。 / 【R7.10.1改正】 / 令和7年4月1日地方自治法施行令改正により、随意契約の金額等が見直されたことに伴い、公表対象となる金額を見直しました。 / 今回の改正については
230,press_release,2025-09-17,ANAなどと連携した「ANA2地居住等推進コンソーシアム」が設立されます,https://www.pref.saga.lg.jp/kiji003115849/index.html,,needs_reingest_inline_person,令和7年9月17日 佐賀県地域交流部 さが 創生推進課 移住支援室 副島、浦方 TEL:952-25-7393(内線1437、1394) MAIL:sagasousei@pref.saga.lg.jp ANAなどと連携した「ANA2地居住等推進コンソーシアム」が設立されます。
196,proposal,2025-09-10,自動車産業関連展示会ブース装飾等業務委託プロポーザルの仕様書等に対する質問書への回答について,https://www.pref.saga.lg.jp/kiji003115780/index.html,,no_contact_section_detected,﻿ / 自動車産業関連展示会ブース装飾等業務委託プロポーザルの仕様書等に対する質問書への回答について / 佐賀県 / ヘッダーをスキップ / 本文へジャンプ / Foreign Language / English / 中文(简化字) / 中文(繁體字)
231,press_release,2025-09-09,海洋環境国際シンポジウム みんなの海 国際会議 vol.2 を開催します,https://www.pref.saga.lg.jp/kiji003115699/index.html,,needs_reingest_inline_person,(資料追加 令和7年10月7日) 県民環境部 脱炭素社会推進課 担当者 光枝、井上 内線:1888 直通:952-25-7079 E-mail:
197,proposal,2025-09-08,「産業技術学院PR動画等制作業務」に係るプロポーザルの審査結果をお知らせします,https://www.pref.saga.lg.jp/kiji003115737/index.html,,result_or_answer_page_without_contact,「産業技術学院PR動画等制作業務」に係るプロポーザルの審査結果をお知らせします
232,press_release,2025-09-05,令和8年度佐賀県公立学校教員採用選考試験の結果についてお知らせします,https://www.pref.saga.lg.jp/kiji003115705/index.html,,needs_reingest_inline_person,"令和7年(2025年)9月5日 教職員課 小中学校人事担当 ・県立学校人事担当 担当者 平石、増井 内線 3234,3237 直通 952-25-7212"
58,proposal,2025-09-05,【質問回答】令和7年度佐賀県医療費等分析事業業務委託に係るプロポーザルの質問への回答を掲載します,https://www.pref.saga.lg.jp/kiji003115708/index.html,,result_or_answer_page_without_contact,【質問回答】令和7年度佐賀県医療費等分析事業業務委託に係るプロポーザルの質問への回答を掲載します
233,press_release,2025-09-04,令和7年度障害者を対象とする佐賀県職員採用選考(第2回) を実施します,https://www.pref.saga.lg.jp/kiji003115688/index.html,,needs_reingest_inline_person,令和7年9月4日 人事委員会事務局 人材確保担当 担当者 坂本、田中 内線 3518、3516 直通 952-25-7295 E-mail: saiyou@pref.saga.lg.jp
142,proposal,2025-08-21,令和7年度養殖情報管理のDX化及び情報を用いた飼育管理の高度化業務委託に係るプロポーザル審査結果について,https://www.pref.saga.lg.jp/kiji003115588/index.html,,result_or_answer_page_without_contact,令和7年度養殖情報管理のDX化及び情報を用いた飼育管理の高度化業務委託に係るプロポーザル審査結果について
750,proposal,2025-08-20,自動車産業関連展示会ブース装飾等業務委託に係るプロポーザルを実施します,https://www.pref.saga.lg.jp/kiji003115411/index.html,,needs_reingest_inline_person,3 手続等に関する事項 (1) 担当課 佐賀県産業労働部 ものづくり産業課 郵便番号840-8570 佐賀県佐賀市城内1丁目1番59 号 電話番号 0952-25-7421 ファックス番号 0952-25-7282
143,proposal,2025-08-15,【質問回答書】「佐賀県総務事務(年末調整及び認定事務関連業務)に係る労働者派遣業務」の条件付1般競争入札,https://www.pref.saga.lg.jp/kiji003115422/index.html,佐賀県出納局総務事務センター 給与・報酬担当,source_has_department_only,お問い合わせ先 佐賀県出納局総務事務センター 給与・報酬担当 電話 952-25-7089 FAX 952-25-7523 E-mail soumujimu@pref.saga.lg.jp
144,proposal,2025-08-14,「山の博覧会」(仮称)コンセプト等の作成支援業務委託に係るプロポーザルの結果をお知らせします,https://www.pref.saga.lg.jp/kiji003113360/index.html,,result_or_answer_page_without_contact,「山の博覧会」(仮称)コンセプト等の作成支援業務委託に係るプロポーザルの結果をお知らせします
236,press_release,2025-08-12,第21回佐賀県渇水対策連絡会を中止します,https://www.pref.saga.lg.jp/kiji003115383/index.html,,needs_reingest_explicit_person,担当者 帆足、岸川、廣田 内線 2822 直通 952-25-7183 E-mail kasensabou@pref.saga.lg.jp 第21回佐賀県渇水対策連絡会を中止します
751,proposal,2025-08-08,【質問への回答】令和7年度男女共同参画社会づくりのための県民意識調査業務委託に係る公募型プロポーザルに関する質問について,https://www.pref.saga.lg.jp/kiji003115166/index.html,,result_or_answer_page_without_contact,【質問への回答】令和7年度男女共同参画社会づくりのための県民意識調査業務委託に係る公募型プロポーザルに関する質問について
239,press_release,2025-08-08,SSPフレッシュシリーズ2025のキャッチコピーを募集します,https://www.pref.saga.lg.jp/kiji003115204/index.html,,needs_reingest_explicit_person,担当者 平間、田中 内線:1970、1996 直通:952-25-7345 E-mail:
238,press_release,2025-08-08,第21回佐賀県渇水対策連絡会を開催します,https://www.pref.saga.lg.jp/kiji003115209/index.html,,needs_reingest_explicit_person,担当者 廣田健1郎 内線 2822 直通 952-25-7183 E-mail kasensabou@pref.saga.lg.jp 第21回佐賀県渇水対策連絡会を開催します
237,press_release,2025-08-07,王座奪還プロジェクト 令和7年度佐賀県中学軟式野球選抜チーム発足式を開催します,https://www.pref.saga.lg.jp/kiji003115237/index.html,,needs_reingest_inline_person,令和7年8月7日 アスリート育成支援チーム 育成支援担当 担当者 山田、峯、山村 内線 2708 直通 952-25-7528 E-mail athlete-shien@pref.saga.lg.jp
39,press_release,2025-08-07,DXスキル向上につながる学びを支える土台・人づくりに係る業務委託の企画提案競技(企画コンペ方式)の審査結果をお知らせします,https://www.pref.saga.lg.jp/kiji003115498/index.html,,result_or_answer_page_without_contact,DXスキル向上につながる学びを支える土台・人づくりに係る業務委託の企画提案競技(企画コンペ方式)の審査結果をお知らせします
240,press_release,2025-08-06,令和8年度佐賀県公立学校教員採用選考試験(秋選考)を実施します,https://www.pref.saga.lg.jp/kiji003115187/index.html,,needs_reingest_inline_person,"令和7(2025年)8月6日 教職員課 小中学校人事担当 ・県立学校人事担当 担当者 平石、増井 内線 3234,3237"
27,proposal,2025-08-06,条件付一般競争入札取扱基準(建設工事)(令和7年7月30日1部改正),https://www.pref.saga.lg.jp/kiji003115142/index.html,,no_contact_section_detected,"条件付一般競争入札取扱基準(建設工事)(令和7年7月30日1部改正) / 最終更新日: / 2025年8月6日 / 『条件付一般競争入札取扱基準(建設工事)』を1部改正しました。 / 令和7年7月30日から施行し、施行日以後に公告する入札から適用します。 / 1部改正後の取扱基準については、添付ファイルをご覧ください。 / 【改正内容】 / 「試行により行う自己採点型の総合評価落札方式」に「設計価格2,5000000円以上6,10000円未満の橋梁補修工事」を追加する。"
140,proposal,2025-08-05,全国都市緑化佐賀フェア(仮称)基本計画策定業務委託の委託に係る公募型プロポーザルの結果をお知らせします,https://www.pref.saga.lg.jp/kiji003115736/index.html,,result_or_answer_page_without_contact,全国都市緑化佐賀フェア(仮称)基本計画策定業務委託の委託に係る公募型プロポーザルの結果をお知らせします
146,proposal,2025-07-31,介護の仕事体験事業及び「介護の日」記念事業の実施業務委託に係る企画コンペの審査結果をお知らせします,https://www.pref.saga.lg.jp/kiji003115080/index.html,,result_or_answer_page_without_contact,介護の仕事体験事業及び「介護の日」記念事業の実施業務委託に係る企画コンペの審査結果をお知らせします
145,proposal,2025-07-31,カスタマーハラスメント等対策推進事業広報委託業務に係る企画コンペの審査結果をお知らせします,https://www.pref.saga.lg.jp/kiji003115093/index.html,,result_or_answer_page_without_contact,カスタマーハラスメント等対策推進事業広報委託業務に係る企画コンペの審査結果をお知らせします
752,proposal,2025-07-30,令和7年度森川海人っプロジェクト広報業務委託に係る企画提案競技(プロポーザル方式)の結果をお知らせします。,https://www.pref.saga.lg.jp/kiji003115068/index.html,,result_or_answer_page_without_contact,令和7年度森川海人っプロジェクト広報業務委託に係る企画提案競技(プロポーザル方式)の結果をお知らせします。
241,press_release,2025-07-28,山口知事が台湾の関係機関を訪問しました,https://www.pref.saga.lg.jp/kiji003115024/index.html,,needs_reingest_inline_person,令和7年7月29日 地域交流部 空港課 担当者 青山 内線:1441 TEL:952-25-7104 E-mail:kuukou@pref.saga.lg.jp
60,proposal,2025-07-28,【入札結果】佐賀道路建設に伴う文化財調査に係る出土遺物実測等業務委託,https://www.pref.saga.lg.jp/kiji003115017/index.html,,result_or_answer_page_without_contact,【入札結果】佐賀道路建設に伴う文化財調査に係る出土遺物実測等業務委託
242,press_release,2025-07-25,令和8年度佐賀県立高等学校生徒募集定員についてお知らせします,https://www.pref.saga.lg.jp/kiji003114997/index.html,,needs_reingest_explicit_person,担当者 亀﨑、大島 内 線 3412、3400 直 通 952-25-7476 E-mail :
235,press_release,2025-07-25,Harajuku Festival佐賀公演を盛り上げよう!フォトスポットを巡る「原宿フェス☆推し活ラリー」を開催します,https://www.pref.saga.lg.jp/kiji003114987/index.html,,needs_reingest_explicit_person,担当者 宮原、幸野 内線 1755、1756 直通 952-25-7620 E-mail convention-t@pref.saga.lg.jp
243,press_release,2025-07-22,新たに寄贈を受けた江藤新平所用ピストルを初公開します,https://www.pref.saga.lg.jp/kiji003114931/index.html,,needs_reingest_explicit_person,担当者 秋山 直通 952-41-7550 E-mail: rekishikan@pref.saga.lg.jp 新たに寄贈を受けた江藤新平所用ピストルを初公開します
149,proposal,2025-07-17,令和7年度外国人介護人材受入セミナー等実施業務委託に係る企画コンペの審査結果をお知らせします,https://www.pref.saga.lg.jp/kiji003114907/index.html,,result_or_answer_page_without_contact,令和7年度外国人介護人材受入セミナー等実施業務委託に係る企画コンペの審査結果をお知らせします
148,proposal,2025-07-17,令和7年度外国人介護人材日本語学習等支援事業実施業務委託に係る企画コンペの審査結果をお知らせします,https://www.pref.saga.lg.jp/kiji003114898/index.html,,result_or_answer_page_without_contact,令和7年度外国人介護人材日本語学習等支援事業実施業務委託に係る企画コンペの審査結果をお知らせします
754,proposal,2025-07-16,「デジタル実証フィールドさが」情報発信業務委託に係るプロポーザル審査結果について,https://www.pref.saga.lg.jp/kiji003115005/index.html,,result_or_answer_page_without_contact,「デジタル実証フィールドさが」情報発信業務委託に係るプロポーザル審査結果について
753,proposal,2025-07-16,令和7年度「森川海人っフェス!」企画・運営業務委託に係る(企画コンペ方式)の結果をお知らせします。,https://www.pref.saga.lg.jp/kiji003114857/index.html,,result_or_answer_page_without_contact,令和7年度「森川海人っフェス!」企画・運営業務委託に係る(企画コンペ方式)の結果をお知らせします。
245,press_release,2025-07-15,~働く人の想いを見える化し、働きやすい職場を目指す企業を応援!~ ウェルビーイング経営推進セミナーを開催します,https://www.pref.saga.lg.jp/kiji003114752/index.html,佐賀県 産業人材課,needs_reingest_inline_person,令和7年7月16日 産業人材課 人材活躍推進担当 担当者 稲富、窪薗 内線 2184 直通 952-25-7100 E-mail sangyoujinzai@pref.saga.lg.jp
61,proposal,2025-07-15,「令和7年度 衛星データの活用可能性実証事業」業務委託契約を締結しました(プロポーザル),https://www.pref.saga.lg.jp/kiji003115091/index.html,,no_contact_section_detected,「令和7年度 衛星データの活用可能性実証事業」業務委託契約を締結しました(プロポーザル) / 最終更新日: / 2025年7月15日 / 「令和7年度 衛星データの活用可能性実証事業」業務委託契約を締結しました(プロポーザル) / 企画提案競技(プロポーザル方式)の結果は下記のとおりです。 / 1 業務名 / 「令和7年度 衛星データの活用可能性実証事業」業務 / 2 契約の相手先
246,press_release,2025-07-14,人間国宝・井上萬2様の訃報を受けて知事コメントを発表します,https://www.pref.saga.lg.jp/kiji003114820/index.html,,needs_reingest_inline_person,令和7年7月14日 文化課 芸術担当 担当者 古賀 内線 1920 直通 952-25-7236 E-mail culture_art@pref.saga.lg.jp
247,press_release,2025-07-12,第27回参議院議員通常選挙の投票日を明後日に控えての佐賀県選挙管理委員会委員長の談話を発表します,https://www.pref.saga.lg.jp/kiji003114786/index.html,,needs_reingest_explicit_person,担当者 竹村、林 内線1331、1346直通 952-25-7025 E-mail:senkyokanrii@pref.saga.lg.jp 第27回参議院議員通常選挙の投票日を明後日に控えての佐賀県選挙管理委員会委員長の談話を発表します
755,proposal,2025-07-11,【質問への回答]「ふる郷の木づかいプロジェクト」イベント開催業務委託に係る企画コンペに関する質問への回答について,https://www.pref.saga.lg.jp/kiji003114767/index.html,,result_or_answer_page_without_contact,【質問への回答]「ふる郷の木づかいプロジェクト」イベント開催業務委託に係る企画コンペに関する質問への回答について
151,proposal,2025-07-09,空き家利活用推進事業業務委託に係る企画コンペの審査結果について,https://www.pref.saga.lg.jp/kiji003114565/index.html,,result_or_answer_page_without_contact,空き家利活用推進事業業務委託に係る企画コンペの審査結果について
105,press_release,2025-07-09,県政へのご意見,https://www.pref.saga.lg.jp/kiji003913/index.html,県政へのご意見,no_contact_section_detected,県政へのご意見 / 最終更新日: / 2025年7月9日 / 現在、多くの新型コロナウィルス感染症に関するご意見をいただいています。 / 県では、感染症法上の位置づけが5類に移行された後も、引き続き感染拡大防止等各種対策に全力で取り組んでおります。 / そのため、ご意見は担当課にて各種対策の参考にさせていただきますが、個別の回答は控えさせていただきます。 / 何卒、御了承くださいますようお願いいたします。 / なお、新型コロナウィルス感染症に関する情報については、県ホームペー
248,press_release,2025-07-04,佐賀市立久保泉小学校で「田んぼダムの出前講座」を開催します,https://www.pref.saga.lg.jp/kiji003114668/index.html,,needs_reingest_explicit_person,担当者 小川、江口 内線 50-442 直通 952-31-3283 E-mail:chuubunourin@pref.saga.lg.jp 佐賀市立久保泉小学校で「田んぼダムの出前講座」を開催します
62,proposal,2025-07-04,令和7年度エンパワメントプログラム(ベーシック・アドバンス)業務委託に係る企画コンペの結果をお知らせします,https://www.pref.saga.lg.jp/kiji003114687/index.html,,result_or_answer_page_without_contact,令和7年度エンパワメントプログラム(ベーシック・アドバンス)業務委託に係る企画コンペの結果をお知らせします
252,press_release,2025-07-03,参議院佐賀県選出議員選挙における候補者の選挙事務所をお知らせします,https://www.pref.saga.lg.jp/kiji003114630/index.html,,needs_reingest_explicit_person,担当者 竹村・岩本 内線 1331・1345 直通 952-25-7025 E-mail:senkyokanrii@pref.saga.lg.jp
251,press_release,2025-07-03,今坂川第3砂防堰堤工事の現場見学会が開催されます ~豪雨災害からの復旧へさらに前進 砂防堰堤工事着手から1年~,https://www.pref.saga.lg.jp/kiji003114653/index.html,平野・中山経常建設共同企業体,needs_reingest_inline_person,令和7年7月3日 河川砂防課 砂防担当 担当者 中島、1000綿 内線 2824 直通 952-25-7162 E-mail: kasensabou@pref.saga.lg.jp
250,press_release,2025-07-03,参議院佐賀県選出議員選挙における選挙運動に関する支出金額の制限額をお知らせします,https://www.pref.saga.lg.jp/kiji003114629/index.html,,needs_reingest_explicit_person,担当者 竹村 内線 1331 直通 952-25-7025 E-mail:senkyokanrii@pref.saga.lg.jp 参議院佐賀県選出議員選挙における選挙運動に関する支出金額の制限額をお知らせします
249,press_release,2025-07-03,第27回参議院議員通常選挙の公示日に当たっての佐賀県選挙管理委員会委員長の談話を発表します,https://www.pref.saga.lg.jp/kiji003114628/index.html,,needs_reingest_explicit_person,担当者 竹村、林 内線1331、1346 直通 952-25-7025 E-mail:senkyokanrii@pref.saga.lg.jp 第27回参議院議員通常選挙の公示日に当たっての佐賀県選挙管理委員会委員長の談話を発表します
1,proposal,2025-07-02,「SSPフレッシュシリーズ2025」開催業務委託に係る企画コンペに関する質問への回答について,https://www.pref.saga.lg.jp/kiji003114637/index.html,,result_or_answer_page_without_contact,「SSPフレッシュシリーズ2025」開催業務委託に係る企画コンペに関する質問への回答について
253,press_release,2025-06-30,【佐賀型外国人材雇用支援パッケージ第2弾!】 県内企業のための無料相談窓口を新規開設! 「さが外国人材雇用サポートセンター」オープニングセレモニー開催!,https://www.pref.saga.lg.jp/kiji003114550/index.html,,needs_reingest_inline_person,令和7年6月30日 産業人材課 産業人材担当 担当者 松井、戸上 内線 2245 直通 952-25-7310 E-mail sangyoujinzai@pref.saga.lg.jp
147,proposal,2025-06-30,令和7年度佐賀県福祉・介護職員等処遇改善加算取得促進事業業務に係るプロポーザル審査結果について,https://www.pref.saga.lg.jp/kiji00397750/index.html,,result_or_answer_page_without_contact,令和7年度佐賀県福祉・介護職員等処遇改善加算取得促進事業業務に係るプロポーザル審査結果について
104,press_release,2025-06-30,さがデザイン,https://www.pref.saga.lg.jp/kiji00347048/index.html,,no_contact_section_detected,さがデザイン / 最終更新日: / 2025年6月30日 / 「さがデザイン」の専用ウェブサイトがオープンしました / (外部リンク) / 「さがデザイン」の取組が2017年度グッドデザイン賞の「グッドデザイン・ベスト100」を受賞しました! / 詳しくは / グッドデザイン賞ウェブサイト
153,proposal,2025-06-27,令和7年度経営力・工賃向上コンサルティング事業委託業務に係るプロポーザルの結果をお知らせします,https://www.pref.saga.lg.jp/kiji00372226/index.html,,result_or_answer_page_without_contact,令和7年度経営力・工賃向上コンサルティング事業委託業務に係るプロポーザルの結果をお知らせします
756,proposal,2025-06-20,佐賀県介護人材確保・職場環境改善等事業費補助金及び佐賀県障害福祉人材確保・職場環境改善等事業費補助金審査等業務に係る条件付一般競争入札の入札結果について,https://www.pref.saga.lg.jp/kiji003114372/index.html,,result_or_answer_page_without_contact,佐賀県介護人材確保・職場環境改善等事業費補助金及び佐賀県障害福祉人材確保・職場環境改善等事業費補助金審査等業務に係る条件付一般競争入札の入札結果について
757,proposal,2025-06-19,SAGAデータ連携まちづくりプロジェクト業務委託に係るプロポーザル審査結果について,https://www.pref.saga.lg.jp/kiji003114312/index.html,,result_or_answer_page_without_contact,SAGAデータ連携まちづくりプロジェクト業務委託に係るプロポーザル審査結果について
255,press_release,2025-06-19,ボランティアによる佐賀城石垣の清掃が行われます,https://www.pref.saga.lg.jp/kiji003114334/index.html,,needs_reingest_explicit_person,担当者 秋山 直通 952-41-7550 E-mail: rekishikan@pref.saga.lg.jp ボランティアによる佐賀城石垣の清掃が行われます
256,press_release,2025-06-18,鍋島焼350周年記念 佐賀県フェアを開催します~佐賀県×西日本鉄道株式会社コラボレーション企画~,https://www.pref.saga.lg.jp/kiji003114318/index.html,,no_contact_section_detected,﻿ / 鍋島焼350周年記念 佐賀県フェアを開催します~佐賀県×西日本鉄道株式会社コラボレーション企画~ / 佐賀県 / ヘッダーをスキップ / 本文へジャンプ / Foreign Language / English / 中文(简化字) / 中文(繁體字)
257,press_release,2025-06-16,サッカー日本代表の平河悠選手が山口知事を訪問されます,https://www.pref.saga.lg.jp/kiji003114278/index.html,,needs_reingest_inline_person,令和7年6月16日 アスリート育成支援チーム 育成支援担当 担当者 相良、山田、鷲頭 内線 2701 直通 952-25-7528 E-mail athlete-shien@pref.saga.lg.jp
258,press_release,2025-06-12,世界難民の日こいのぼりの掲揚とブルーライトアップを行います,https://www.pref.saga.lg.jp/kiji003113219/index.html,,needs_reingest_inline_person,令和7年6月12日 多文化共生さが推進課 企画・交流担当 担当者 金丸 内線 2525 直通 952-25-7328 E-mail tabunkasagasuishin@pref.saga.lg.jp
259,press_release,2025-06-09,令和8年度県立高校の学科改編についてお知らせします,https://www.pref.saga.lg.jp/kiji003114133/index.html,,needs_reingest_explicit_person,担当者 亀﨑、大島 内線 3412、3400 直通 952-25-7476 E-mail
157,proposal,2025-06-04,佐賀県住生活基本計画(令和8年度版)策定業務委託について、公募型プロポーザル方式により受託者を募集します,https://www.pref.saga.lg.jp/kiji003114022/index.html,の配置予定,source_has_department_only,<質問の受付担当課> 佐賀県県土整備部建築住宅課住宅計画担当 (〒840-8570 佐賀市城内1−1−59) 電話番号 952−25−7165 メールアドレス kenchikujuutaku@pref.saga.lg.jp <質問の受付期間>
760,proposal,2025-06-02,令和7年度佐賀県臨床研修病院バスツアー運営業務委託に係る企画コンペの最優秀提案事業者を決定しました,https://www.pref.saga.lg.jp/kiji003113948/index.html,,no_contact_section_detected,令和7年度佐賀県臨床研修病院バスツアー運営業務委託に係る企画コンペの最優秀提案事業者を決定しました / 最終更新日: / 2025年6月2日 / 令和7年度佐賀県臨床研修病院バスツアー運営業務について、委託を行うにあたり、企画提案を募集し審査を行ったところ、下記の結果となりました。 / 記 / 1.契約業務名 / 令和7年度佐賀県臨床研修病院バスツアー運営業務 / 2.最優秀提案事業者
3,proposal,2025-06-02,令和7年度オンライン日本語講座運営業務に係る企画提案競技(プロポーザル方式)の最優秀提案事業者を決定しました,https://www.pref.saga.lg.jp/kiji003113983/index.html,,no_contact_section_detected,令和7年度オンライン日本語講座運営業務に係る企画提案競技(プロポーザル方式)の最優秀提案事業者を決定しました / 最終更新日: / 2025年6月2日 / 令和7年度オンライン日本語講座運営業務について、委託を行うにあたり、提案事業者を募集し、審査を行ったところ、下記の結果となりました。 / 記 / 1.契約業務名 / 令和7年度 オンライン日本語講座運営業務 / 2.最優秀提案事業者(契約相手方)
158,proposal,2025-05-29,「令和7年度公務員人事交流研修事業に係る韓国語講座」業務委託に係る企画コンペの審査結果をお知らせします,https://www.pref.saga.lg.jp/kiji003113000/index.html,,result_or_answer_page_without_contact,「令和7年度公務員人事交流研修事業に係る韓国語講座」業務委託に係る企画コンペの審査結果をお知らせします
262,press_release,2025-05-28,「明治日本の産業革命遺産」世界遺産登録10周年記念シンポジウムを開催します,https://www.pref.saga.lg.jp/kiji003113542/index.html,,needs_reingest_explicit_person,担当者 志水、園田 内線 1958 直通 952-25-7236 E-mail:culture_art@pref.saga.lg.jp 「明治日本の産業革命遺産」世界遺産登録10周年記念シンポジウムを開催します
152,proposal,2025-05-28,唯1無2の誇り高き学校づくりに係る魅力・情報発信等業務委託企画コンペ結果について,https://www.pref.saga.lg.jp/kiji003114614/index.html,,no_contact_section_detected,﻿ / 唯1無2の誇り高き学校づくりに係る魅力・情報発信等業務委託企画コンペ結果について / 佐賀県 / ヘッダーをスキップ / 本文へジャンプ / Foreign Language / English / 中文(简化字) / 中文(繁體字)
263,press_release,2025-05-27,江藤新平復権プロジェクト応援寄附金の募集を開始します,https://www.pref.saga.lg.jp/kiji003113527/index.html,,needs_reingest_explicit_person,担当者 江原、園田 内線 2993 直通 952-25-7236 E-mail:culture_art@pref.saga.lg.jp 江藤新平復権プロジェクト応援寄附金の募集を開始します
260,press_release,2025-05-27,令和7年度県政功労者知事表彰式を開催します,https://www.pref.saga.lg.jp/kiji003113959/index.html,,needs_reingest_inline_person,令和7年5月27日 秘書課 秘書担当 担当者 髙山、柿本 内線 1156 直通 952-25-7007 E-mail hisho@pref.saga.lg.jp
156,proposal,2025-05-27,令和7年度佐賀県介護職員等による喀痰吸引等実施のための第3号研修業務の入札結果について,https://www.pref.saga.lg.jp/kiji003114123/index.html,,result_or_answer_page_without_contact,令和7年度佐賀県介護職員等による喀痰吸引等実施のための第3号研修業務の入札結果について
159,proposal,2025-05-26,空き家利活用推進事業業務委託に係る企画コンペを実施します,https://www.pref.saga.lg.jp/kiji003113188/index.html,施工者,needs_reingest_inline_person,3.手続等に関する事項 (1) 担当課 佐賀県県土整備部 建築住宅課 住宅計画担当 郵便番号840-8570 佐賀県佐賀市城内1-1-59 電話 952-25-7165 電子メールアドレス kenchikujuutaku@pref.saga.lg.jp
155,proposal,2025-05-26,令和7年国勢調査佐賀県広報業務委託に係る企画コンペを実施します,https://www.pref.saga.lg.jp/kiji003112953/index.html,佐賀県,needs_reingest_inline_person,4 問い合わせ先 佐賀県 政策部 統計分析課 調査分析第1担当 岸川、松尾、黒田 TEL:952-25-7184 MAIL:toukeibunseki@pref.saga.lg.jp 5 公示
761,proposal,2025-05-21,【質問への回答】美術館に飾るような人間国宝等の器で佐賀の美食を楽しむ期間限定レストラン「USEUM SAGA」運営業務委託に係る企画プロポーザルに関する質問について,https://www.pref.saga.lg.jp/kiji003113299/index.html,,result_or_answer_page_without_contact,【質問への回答】美術館に飾るような人間国宝等の器で佐賀の美食を楽しむ期間限定レストラン「USEUM SAGA」運営業務委託に係る企画プロポーザルに関する質問について
264,press_release,2025-05-20,「海の日の前にBLUESANTAごみ拾い佐賀から海にごみは行かせない!」が開催されます,https://www.pref.saga.lg.jp/kiji003113236/index.html,,needs_reingest_inline_person,令和 7年5月20日 県民環境部 脱炭素社会推進課 企画担当 担当者 光枝、平川 内線 1888 直通 952-25-7079 E-mail:
4,proposal,2025-05-20,【5月20日追記:質問回答掲載】令和7年度オンライン日本語講座運営業務に係る企画提案競技(プロポーザル方式)を実施します,https://www.pref.saga.lg.jp/kiji003112984/index.html,佐賀県地域交流部多文化共生さが推進課 多文化共生担当,needs_reingest_inline_person,お問い合わせ先 佐賀県地域交流部多文化共生さが推進課 多文化共生担当 電話:0952-25-7328 FAX:0952-25-7084 E-mail:tabunkasagasuishin@pref.saga.lg.jp
762,proposal,2025-05-19,令和7年度佐賀県夏期地域医療実習運営業務委託に係る公募型プロポーザルの最優秀提案事業者を決定しました,https://www.pref.saga.lg.jp/kiji003113224/index.html,,no_contact_section_detected,令和7年度佐賀県夏期地域医療実習運営業務委託に係る公募型プロポーザルの最優秀提案事業者を決定しました / 最終更新日: / 2025年5月19日 / 令和7年度佐賀県夏期地域医療実習運営業務について、委託を行うにあたり、提案事業者を募集し、審査を行ったところ、下記の結果となりました。 / 記 / 1.契約業務名 / 令和7年度佐賀県夏期地域医療実習運営業務 / 2.最優秀提案事業者(契約相手方)
763,proposal,2025-05-16,令和7年度国際理解キャンプ業務委託に係る企画コンペの結果をお知らせします,https://www.pref.saga.lg.jp/kiji003113213/index.html,,result_or_answer_page_without_contact,令和7年度国際理解キャンプ業務委託に係る企画コンペの結果をお知らせします
764,proposal,2025-05-15,令和7年度県市町職員研究会“dx21”等開催業務委託に係るプロポーザル審査結果について,https://www.pref.saga.lg.jp/kiji003113140/index.html,,result_or_answer_page_without_contact,令和7年度県市町職員研究会“dx21”等開催業務委託に係るプロポーザル審査結果について
265,press_release,2025-05-14,大阪・関西10000博で佐賀とオランダがコラボします!,https://www.pref.saga.lg.jp/kiji003113165/index.html,,needs_reingest_inline_person,令和7年5月14日 地域交流部 国際政策グループ 担当者 飛松・池谷 内線 2264 直通 952-25-7419 E-mail kokusaiseisaku-g@pref.saga.lg.jp
161,proposal,2025-05-13,令和7年度エンパワメントプログラム(ベーシック・アドバンス)業務委託する事業者を選定する企画コンペを実施します,https://www.pref.saga.lg.jp/kiji003113122/index.html,佐賀県教育委員会事務局,source_has_department_only,(1)担当課 佐賀県教育委員会事務局 教育振興課 グローバル人材育成担当 郵便番号840-8570 佐賀県佐賀市城内1丁目1番59号 電話番号 952-25-7411 電子メールアドレス global-jinzai@pref.saga.lg.jp (2)説明書の交付期間及び方法 令和7年5月13日(火曜日)から同6月25日(水曜日)まで佐賀県ホームページに掲載する。
160,proposal,2025-05-13,陶磁器等海外市場開拓支援事業(台湾)委託業務に係る企画提案競技(企画コンペ方式)を実施します,https://www.pref.saga.lg.jp/kiji003106588/index.html,佐賀県産業労働部,needs_reingest_inline_person,佐賀県産業労働部 流通・貿易課 伝統産業支援室 電話:952-25-7095 E-mail: ryuutsuu-boueki@pref.saga.lg.jp
36,proposal,2025-05-13,佐賀県庁舎等の維持管理業務の委託契約に係る入札参加資格停止等の措置要領の改正について(R7.6.1施行),https://www.pref.saga.lg.jp/kiji003113123/index.html,,no_contact_section_detected,佐賀県庁舎等の維持管理業務の委託契約に係る入札参加資格停止等の措置要領の改正について(R7.6.1施行) / 最終更新日: / 2025年5月13日 / 佐賀県庁舎等の維持管理業務の委託契約に係る入札参加資格停止等の措置要領について、添付ファイルのとおり改正します。 / 改正後の本要領は、令和7年6月1日から適用します。 / 添付ファイル / 【令和7年6月1日以降】 / 佐賀県庁舎等の維持管理業務の委託契約に係る入札参加資格停止等の措置要領(令和7年6月1日施行)
164,proposal,2025-05-12,美術館に飾るような人間国宝等の器で佐賀の美食を楽しむ期間限定レストラン「USEUM SAGA」運営業務委託に係る企画プロポーザルを実施します,https://www.pref.saga.lg.jp/kiji003112751/index.html,,needs_reingest_inline_person,1 日時 令和7年5 月16 日(金)10 時0 分~ 2 場所 オンライン開催 ※オンライン開催の方法は別途連絡する。 3 申込方法 ア 申込方法 電子メール
163,proposal,2025-05-12,【質問への回答】「SAGAガストロノミー会議」企画運営業務委託に係る企画プロポーザルに関する質問について,https://www.pref.saga.lg.jp/kiji003113107/index.html,,result_or_answer_page_without_contact,【質問への回答】「SAGAガストロノミー会議」企画運営業務委託に係る企画プロポーザルに関する質問について
765,proposal,2025-05-09,令和7年度佐賀県臨床研修病院バスツアー運営業務委託に係る企画コンペを実施します,https://www.pref.saga.lg.jp/kiji003112976/index.html,佐賀県 健康福祉部 医務課 医療人材政策室,needs_reingest_inline_person,3 問い合わせ、各手続の提出先 佐賀県 健康福祉部 医務課 医療人材政策室 〒840-8570 佐賀市城内1丁目1番59 号 TEL:0952-25-7358 FAX:0952-25-7267 E-mail:imu@pref.saga.lg.jp 4 公募スケジュールと内容
268,press_release,2025-05-09,春秋グループ 王正華会長を表彰します,https://www.pref.saga.lg.jp/kiji003113098/index.html,,needs_reingest_inline_person,(知事表彰に関すること) 政策部 秘書課 担当者 髙山 内線 1156 直通 952-25-7007 E-mail hisho@pref.saga.lg.jp
766,proposal,2025-05-08,令和7年度「森川海人っ合宿」企画・運営業務委託に係る企画提案競技(企画コンペ方式)の結果をお知らせします。,https://www.pref.saga.lg.jp/kiji003113049/index.html,,result_or_answer_page_without_contact,令和7年度「森川海人っ合宿」企画・運営業務委託に係る企画提案競技(企画コンペ方式)の結果をお知らせします。
768,proposal,2025-05-02,鳥栖駅東側エリア活用創出チャレンジ事業に係る企画提案業務に関するプロポーザル審査結果について,https://www.pref.saga.lg.jp/kiji003113021/index.html,,result_or_answer_page_without_contact,鳥栖駅東側エリア活用創出チャレンジ事業に係る企画提案業務に関するプロポーザル審査結果について
770,proposal,2025-05-01,令和7年度自動配送ロボット走行事業業務委託に係るプロポーザル審査結果について,https://www.pref.saga.lg.jp/kiji003113004/index.html,,result_or_answer_page_without_contact,令和7年度自動配送ロボット走行事業業務委託に係るプロポーザル審査結果について
269,press_release,2025-05-01,佐賀県大規模小売店舗立地審議会を開催します,https://www.pref.saga.lg.jp/kiji003113001/index.html,課 産業政策課,needs_reingest_inline_person,問い合わせ先 担当課 産業政策課 電話 952-25-7182(直通) FAX 952-25-7290 E-mail
234,press_release,2025-05-01,令和7年度学校基本調査速報の概要をお知らせします,https://www.pref.saga.lg.jp/kiji003115467/index.html,,needs_reingest_inline_person,令和7年8月27日 統計分析課 加工分析担当 担当者 2又、河野、前田 内線 1666 直通 952-25-7037 E-mail:toukeibunseki@pref.saga.lg.jp
771,proposal,2025-04-30,【質問書への回答】令和7年度佐賀県夏期地域医療実習運営業務委託に係る公募型プロポーザル,https://www.pref.saga.lg.jp/kiji003112985/index.html,,no_contact_section_detected,【質問書への回答】令和7年度佐賀県夏期地域医療実習運営業務委託に係る公募型プロポーザル / 最終更新日: / 2025年4月30日 / 令和7年度佐賀県夏期地域医療実習運営業務委託に係る公募型プロポーザルにおいて提出された質問書については、別添のとおり回答します。 / 回答書 / (PDF:336.8キロバイト) / --- / 令和7年度佐賀県夏期地域医療実習運営業務委託に係る公募型プロポーザルに寄せられた質問に対する回答
40,proposal,2025-04-30,排水ポンプ車定期点検業務に係る条件付1般競争入札を実施します,https://www.pref.saga.lg.jp/kiji003112982/index.html,,source_has_department_only,(1) 担当課 佐賀県県土整備部河川砂防課 海岸・維持担当(新館8階) 郵便番号 840-8570 佐賀市城内1丁目1番59 号 電話番号 952-25-7162 FAX番号 952-25-7277
41,proposal,2025-04-24,【質問回答】佐賀県少年自然の家利用申請システム開発業務に係るプロポーザルの質問への回答を掲載します,https://www.pref.saga.lg.jp/kiji003112916/index.html,,result_or_answer_page_without_contact,【質問回答】佐賀県少年自然の家利用申請システム開発業務に係るプロポーザルの質問への回答を掲載します
165,proposal,2025-04-22,【結果】令和7年度「佐賀県の経済動向調査」業務委託に係る条件付1般競争入札の結果について,https://www.pref.saga.lg.jp/kiji003112879/index.html,,no_contact_section_detected,﻿ / 【結果】令和7年度「佐賀県の経済動向調査」業務委託に係る条件付1般競争入札の結果について / 佐賀県 / ヘッダーをスキップ / 本文へジャンプ / Foreign Language / English / 中文(简化字) / 中文(繁體字)
167,proposal,2025-04-15,令和7年度 住民とともに支える「地域共生社会さが」推進事業業務委託に係る企画コンペの結果をお知らせします,https://www.pref.saga.lg.jp/kiji003112788/index.html,,result_or_answer_page_without_contact,令和7年度 住民とともに支える「地域共生社会さが」推進事業業務委託に係る企画コンペの結果をお知らせします
743,proposal,2025-04-10,【質問に対する回答】令和7年度「さがジョブナビ」及び「UJIターン就職活動交通費支援事業」広報業務に関する企画提案を募集します,https://www.pref.saga.lg.jp/kiji003112726/index.html,,result_or_answer_page_without_contact,【質問に対する回答】令和7年度「さがジョブナビ」及び「UJIターン就職活動交通費支援事業」広報業務に関する企画提案を募集します
267,press_release,2025-04-10,令和8年度佐賀県公立学校教員採用試験の受験申込状況についてお知らせします,https://www.pref.saga.lg.jp/kiji003113225/index.html,,needs_reingest_explicit_person,担当者 平石、増井 内線 3234.3237 直通 952-25-7212 E-mail kyoushokuin@pref.saga.lg.jp
168,proposal,2025-04-09,令和7年度さがデジタルサポーター育成事業業務委託に係るプロポーザル審査結果をお知らせします,https://www.pref.saga.lg.jp/kiji003112752/index.html,,result_or_answer_page_without_contact,令和7年度さがデジタルサポーター育成事業業務委託に係るプロポーザル審査結果をお知らせします
162,proposal,2025-04-04,全国都市緑化佐賀フェア(仮称)基本構想・基本計画トータルディレクション業務委託に係る公募型プロポーザルの結果をお知らせします,https://www.pref.saga.lg.jp/kiji003113073/index.html,,result_or_answer_page_without_contact,全国都市緑化佐賀フェア(仮称)基本構想・基本計画トータルディレクション業務委託に係る公募型プロポーザルの結果をお知らせします
271,press_release,2025-04-01,佐賀県新型インフルエンザ等対策行動計画を改定しました,https://www.pref.saga.lg.jp/kiji003112636/index.html,,needs_reingest_inline_person,令和7年4月1日 健康福祉政策課 感染症対策担当 担当者 廣重、寺師 内線 2009、1836 直通 952-25-7067
166,proposal,2025-04-01,【添付ファイルの差し換え及び説明書の1部修正】令和7年度国際理解キャンプ業務委託する業者を選定する企画コンペを実施します,https://www.pref.saga.lg.jp/kiji003112861/index.html,,source_has_department_only,(1)担当課 佐賀県教育委員会事務局 教育振興課 グローバル人材育成担当 郵便番号840-8570 佐賀県佐賀市城内1丁目1番59号 電話番号 952-25-7411 電子メールアドレス global-jinzai@pref.saga.lg.jp (2)説明書の交付期間及び方法 令和7年4月1日(火曜日)から同5月9日(金曜日)まで佐賀県ホームページに掲載する。
154,proposal,2025-04-01,森林整備作業競争入札参加有資格者名簿を公表します,https://www.pref.saga.lg.jp/kiji00367695/index.html,,no_contact_section_detected,﻿ / 森林整備作業競争入札参加有資格者名簿を公表します / 佐賀県 / ヘッダーをスキップ / 本文へジャンプ / Foreign Language / English / 中文(简化字) / 中文(繁體字)
44,press_release,2025-04-01,佐賀県庁内情報システム最適化計画策定業務委託に係るプロポーザル審査結果をお知らせします,https://www.pref.saga.lg.jp/kiji003112661/index.html,,result_or_answer_page_without_contact,佐賀県庁内情報システム最適化計画策定業務委託に係るプロポーザル審査結果をお知らせします
43,proposal,2025-04-01,「教育DXスタートアップ事業の展開及び普及促進業務」の企画コンペ結果について,https://www.pref.saga.lg.jp/kiji003112638/index.html,,no_contact_section_detected,「教育DXスタートアップ事業の展開及び普及促進業務」の企画コンペ結果について / 最終更新日: / 2025年4月1日 / 「教育DXスタートアップ事業の展開及び普及促進業務」の企画コンペ結果について / 教育DXスタートアップ事業の展開及び普及促進業務について、令和7年3月19日(水曜日)に実施した企画コンペ審査会の結果、以下のとおりとなりましたのでお知らせします。 / 1 契約の案件 / 教育DXスタートアップ事業の展開及び普及促進業務 / 2 契約の相手方
42,proposal,2025-04-01,佐賀県少年自然の家利用申請システム開発業務の委託に係る公募型プロポーザルを実施します,https://www.pref.saga.lg.jp/kiji003112633/index.html,佐賀県少年自然の家利用申請システム開発業務の委託に係る公募型プロポーザルを実施します,source_has_department_only,12 問合せ先 佐賀県 政策部 MIGAKI 担当 〒840-8570 佐賀県佐賀市城内1丁目1 番59 号 新館5階 電話:0952-25-7230 FAX:0952-25-7496 E-mail:migaki@pref.saga.lg.jp ---
254,press_release,2025-03-31,SAGA2024関連のお知らせの掲載場所について,https://www.pref.saga.lg.jp/kiji003114556/index.html,,no_contact_section_detected,﻿ / SAGA2024関連のお知らせの掲載場所について / 佐賀県 / ヘッダーをスキップ / 本文へジャンプ / Foreign Language / English / 中文(简化字) / 中文(繁體字)
244,press_release,2025-03-28,佐賀県指定の文化財について県文化財保護審議会から答申されました,https://www.pref.saga.lg.jp/kiji003114872/index.html,,needs_reingest_inline_person,文化・観光局 文化財保護・活用室 文化財指導担当 加藤 内線:3333 直通952-25-7232 Email:bunkazaihogo@pref.saga.lg.jp 佐賀県指定の文化財について県文化財保護審議会から答申されました
272,press_release,2025-03-27,中山間地域における企業や非農家組織等の多様な人材による取組事例集の配布を開始しました。,https://www.pref.saga.lg.jp/kiji003109477/index.html,,needs_reingest_explicit_person,担当者 中河原、坂井 内線 2462 直通 952-25-7115 E-mail chusankan@pref.saga.lg.jp 中山間地域における企業や非農家組織等の多様な人材による取組事例集の配布を開始しました
45,press_release,2025-03-24,令和6年度 佐賀県造林補助金等申請システム導入業務委託に係る企画提案競技(プロポーザル方式)の結果をお知らせします,https://www.pref.saga.lg.jp/kiji003112420/index.html,,result_or_answer_page_without_contact,令和6年度 佐賀県造林補助金等申請システム導入業務委託に係る企画提案競技(プロポーザル方式)の結果をお知らせします
745,proposal,2025-03-06,令和7年度障害者職業訓練(委託訓練)の企画コンペを実施します,https://www.pref.saga.lg.jp/kiji00368232/index.html,佐賀県障害福祉課就労支援室(佐賀県庁,source_has_department_only,に質問書(様式第1号)により、電子メール又はファックスにより「12担当課」まで 送付すること。 質疑応答の内容は、令和7年3月12日(水)までに電子メール又はファックスによ り質問者に回答するとともに、必要に応じて佐賀県ホームページに掲載し参加者全員に 周知する。 5 参加資格の確認
273,press_release,2025-03-04,佐賀県立佐賀城本丸歴史館テーマ展「鍋島直大と100武兼行 ふたりが見た明治」を開催します,https://www.pref.saga.lg.jp/kiji003112048/index.html,佐賀県,needs_reingest_explicit_person,担当者 秋山 直通 952-41-7550 E-mail: rekishikan@pref.saga.lg.jp 佐賀県立佐賀城本丸歴史館テーマ展「鍋島直大と100武兼行 ふたりが見た明治」を開催します
746,proposal,2025-02-18,令和7年1月県有地一般競争入札の結果について,https://www.pref.saga.lg.jp/kiji003111802/index.html,総務部 資産活用課,needs_reingest_inline_person,(PDF:127.2キロバイト) 問い合わせ先:総務部 資産活用課 TEL:0952-25-7197 メール: shisankatsuyou@pref.saga.lg.jp
261,press_release,2025-02-13,ワニー参事官が山口知事を訪問されます,https://www.pref.saga.lg.jp/kiji003113929/index.html,,needs_reingest_explicit_person,担当者 大野 内線 3841 直通 952-25-7059 E-mail kurashianzen@pref.saga.lg.jp ワニー参事官が山口知事を訪問されます
275,press_release,2025-01-22,中山間地域における地域おこし協力隊導入に関する研修会を開催します,https://www.pref.saga.lg.jp/kiji003111348/index.html,,needs_reingest_explicit_person,担当者 中河原、坂井 内線 2495 直通 952-25-7115 E-mail chusankan@pref.saga.lg.jp
276,press_release,2025-01-10,宇宙をもっと身近に!「佐賀“宙への扉”イベント」を開催します ~宇宙関連パネルの展示~,https://www.pref.saga.lg.jp/kiji003111295/index.html,,needs_reingest_explicit_person,担当者 松永、西川 内線 1408 直通 952-25-7541 E-mail: sagaseisaku@pref.saga.lg.jp 宇宙をもっと身近に!「佐賀“宙への扉”イベント」を開催します ~宇宙関連パネルの展示~
89,proposal,2025-01-10,スポーツ医科学サポート機器一式調達業務の条件付一般競争入札を行います,https://www.pref.saga.lg.jp/kiji003111258/index.html,佐賀県SAGA2024・SSP推進局SAGAスポーツピラミッド推進グループ,source_has_department_only,(3)提出先 :佐賀県SAGA2024・SSP推進局SAGAスポーツピラミッド推進グループ (4)提出方法:持参又は郵送(郵送の場合は同日必着) 5 仕様書等に関する質問書の受付等 (1)提出締切:令和7年1月16日(木曜日) 午後3時まで (2)提出方法:ssp-g@pref.saga.lg.jpに、「質問書(様式第7号)」(添付ファイルの「入札関連様式」をダウンロード)を送信してください その他詳細については、添付ファイルを参照してください。
198,proposal,2024-09-20,林道烏帽子岳線法面調査委託(法面変状調査)に係る企画提案競技(プロポーザル方式)の審査結果,https://www.pref.saga.lg.jp/kiji003109846/index.html,,result_or_answer_page_without_contact,林道烏帽子岳線法面調査委託(法面変状調査)に係る企画提案競技(プロポーザル方式)の審査結果
278,press_release,2024-07-16,佐賀城本丸歴史館テーマ展「鍋島武芸帖」を開催します,https://www.pref.saga.lg.jp/kiji003108569/index.html,,needs_reingest_explicit_person,担当者 都留 直通 952-41-7550 E-mail: rekishikan@pref.saga.lg.jp
270,press_release,2024-07-08,株式会社伊藤園から佐賀県へ寄附金が贈呈されます,https://www.pref.saga.lg.jp/kiji003112734/index.html,内線 1888 直通 952−25−7079,needs_reingest_inline_person,令和7年4月10日 脱炭素社会推進課 企画担当 担当者 光枝 内線 1888 直通 952−25−7079 E-mail datsutansosuishin@pref.saga.lg.jp
280,press_release,2024-05-09,Sagantier!(サガンティア)研修会を開催しています,https://www.pref.saga.lg.jp/kiji003106576/index.html,,needs_reingest_explicit_person,担当者 :鐘ヶ江 内 線 :3916 電 話 :952-25-7322 E-mail :saga2024soumu@pref.saga.lg.jp
279,press_release,2024-05-09,佐賀県中小企業生産性向上支援補助金の第2次募集を開始しました,https://www.pref.saga.lg.jp/kiji003106582/index.html,,needs_reingest_inline_person,令和6年5月9日 産業政策課 商業担当 担当者 木原、小柳 内線2125 直通 952-25-7182 E-mail:sangyouseisaku@pref.saga.lg.jp
209,press_release,2024-04-01,令和6年度の高齢者虐待について公表します,https://www.pref.saga.lg.jp/kiji00367765/index.html,,no_contact_section_detected,﻿ / 令和6年度の高齢者虐待について公表します / 佐賀県 / ヘッダーをスキップ / 本文へジャンプ / Foreign Language / English / 中文(简化字) / 中文(繁體字)
128,press_release,2024-04-01,各課へのお問合せ,https://www.pref.saga.lg.jp/kiji00336883/index.html,,no_contact_section_detected,﻿ / 佐賀県庁問い合わせ1覧 / 佐賀県 / ヘッダーをスキップ / 本文へジャンプ / Foreign Language / English / 中文(简化字) / 中文(繁體字)
122,press_release,2024-04-01,個人情報の取り扱い,https://www.pref.saga.lg.jp/kiji00348621/index.html,佐賀県庁ホームページとは、ドメイン名<,no_contact_section_detected,個人情報の取り扱い / 最終更新日: / 2024年4月1日 / ID登録、意見投稿、お問い合わせなどの際に、佐賀県庁ホームページを通じて個人情報の提供を受けることがあります。佐賀県としては、ホームページ利用者からいただいたこのような個人情報について「佐賀県個人情報保護方針」に基づいて、次のような管理を行うことにより、個人情報保護の徹底を図ります。 / 【リンク】 / 佐賀県個人情報保護方針 / 1.佐賀県庁ホームページの範囲 / 佐賀県庁ホームページとは、ドメイン名<
28,proposal,2024-04-01,佐賀県建設工事等入札参加資格の審査等に関する規則の改正について(令和6年4月1日施行),https://www.pref.saga.lg.jp/kiji00325796/index.html,,no_contact_section_detected,佐賀県建設工事等入札参加資格の審査等に関する規則の改正について(令和6年4月1日施行) / 最終更新日: / 2024年4月1日 / 令和6年4月1日付けで「佐賀県建設工事等入札参加資格の審査等に関する規則」に定める工事種類ごとの発注標準(設計価格)を改正しました。 / 詳細については、添付ファイルをご覧ください。 / 添付ファイル / 佐賀県建設工事等入札参加資格の審査等に関する規則 / (PDF:102.6キロバイト)
90,proposal,2024-03-25,令和6年度全国高等学校総合体育大会ボクシング競技用消耗品調達業務の条件付1般競争入札を実施します,https://www.pref.saga.lg.jp/kiji003105660/index.html,担当部署 令和6年度全国高等学校総合体育大会佐賀県実行委員会事務局,needs_reingest_inline_person,FAX番号 952-25-7555 担当者 競技担当 西 電子メールアドレス zenkoku-soutai2024@pref.saga.lg.jp 添付ファイル 1_入札公告
199,proposal,2024-02-21,肥前鹿島駅エリア空間デザインプロデュース業務【第2期業務】委託に係る公募型プロポーザルの結果をお知らせします,https://www.pref.saga.lg.jp/kiji003101309/index.html,,result_or_answer_page_without_contact,肥前鹿島駅エリア空間デザインプロデュース業務【第2期業務】委託に係る公募型プロポーザルの結果をお知らせします
281,press_release,2023-07-10,令和7年度佐賀県公立学校教員採用選考試験の期日・会場についてお知らせします,https://www.pref.saga.lg.jp/kiji00397666/index.html,,needs_reingest_explicit_person,担当者 廣瀧、野口 直通 952-25-7212 【E-mail】kyoushokuin@pref.saga.lg.jp 令和7年度佐賀県公立学校教員採用選考試験の期日・会場についてお知らせします
277,press_release,2023-06-07,マレーシアで「SAGA」が大ヒット!?2ヶ月連続1位のドラマを「ABEMA」で配信決定!3言語に対応したデジタルロケ地マップも同時公開!,https://www.pref.saga.lg.jp/kiji003109748/index.html,,needs_reingest_explicit_person,担当者 楢崎 内線 1160 直通 952-25-7296 E-mail saga-fc@pref.saga.lg.jp マレーシアで「SAGA」が大ヒット!?2ヶ月連続1位のドラマを「ABEMA」で配信決定!3言語に対応したデジタルロケ地マップも同時公開!
119,press_release,2023-06-01,全国・福岡地域のメディアで佐賀県の情報を発信しています,https://www.pref.saga.lg.jp/kiji00396969/index.html,佐賀県 広報広聴課 ☎ 0952-25-7219,no_contact_section_detected,全国・福岡地域のメディアで佐賀県の情報を発信しています / 最終更新日: / 2023年6月1日 / 全国・福岡地域のメディアで佐賀県の情報を発信しています! / 2025年1月15日 『週刊東洋経済』 / 「SAGAスポーツピラミッド構想」の大きな可能性アスリート育成とスポーツ文化の裾野を広げる / (外部リンク) / 2024年10月1日 『Number Web』
29,proposal,2023-03-31,営繕工事における入札時積算数量書活用方式を試行しています(令和5年3月改定),https://www.pref.saga.lg.jp/kiji00379005/index.html,原則、佐賀県県土整備部建築住宅課が発注する営繕工事(公共住宅建設,no_contact_section_detected,営繕工事における入札時積算数量書活用方式を試行しています(令和5年3月改定) / 最終更新日: / 2023年3月31日 / 公共工事の品質確保に関する法律(平成17 年法律第18 号)の趣旨及び国における「入札時積算数量書活用方式」の実施状況を踏まえ、営繕工事の請負契約締結後における積算数量に関する協議の円滑化に資するため、令和3年4月より、佐賀県の営繕工事においても「入札時積算数量書活用方式」を試行導入しました。 / 令和5年7月1日以降に公告する工事から、試行対象工事を
274,press_release,2023-03-04,『第3回“早稲田の聖地さが”大隈重信100年ハイク』を開催します!,https://www.pref.saga.lg.jp/kiji003112051/index.html,,needs_reingest_explicit_person,担当者 松村 内線 1461 直通 952-25-7360 E-mail kikakuteam@pref.saga.lg.jp 『第3回“早稲田の聖地さが”大隈重信100年ハイク』を開催します!
282,press_release,2023-02-13,\おすすめスポットやグルメが盛り沢山のコラボゲームで観光PR/ 佐賀を、遊びつくせ。「佐賀ゲー」プロジェクト始動! 佐賀県がパックマンなどナムコレジェンダリーの名作ゲーム5タイトルとコラボレーション プレイするほど佐賀県に行きたくなる「パックマン佐賀県ver.」は2/20(月曜日)よりプレイスタート! 人気声優 古賀葵さん/西山宏太朗さんが動画やゲーム内に登場!?,https://www.pref.saga.lg.jp/kiji00390116/index.html,,needs_reingest_explicit_person,担当者 久家、柴田 直通 3-6418-8329 【E-mail】sagaprise@pref.saga.lg.jp \おすすめスポットやグルメが盛り沢山のコラボゲームで観光PR/
30,proposal,2022-04-25,佐賀県建設関連業務委託低入札価格調査制度事務処理試行要領,https://www.pref.saga.lg.jp/kiji00325814/index.html,再委託予定業者等との関係,no_contact_section_detected,佐賀県建設関連業務委託低入札価格調査制度事務処理試行要領 / 最終更新日: / 2022年4月25日 / 佐賀県建設関連業務委託低入札価格調査制度事務処理試行要領を1部改正しました。 / 今回の改正については、令和4年5月1日以後に契約又は指名通知を行う建設関連業務委託から適用します。 / 【令和4年5月1日の改正内容】 / 業務費内訳書の提出を実態に合わせて、低入札価格入札者がある場合の入札後に改めた。 / 【令和2年4月1日の改正内容】
283,press_release,2022-04-21,令和4年4月21日就任の新副議長の略歴をお知らせします,https://www.pref.saga.lg.jp/kiji00385595/index.html,【E-mail】,needs_reingest_inline_person,令和4年4月21日 議会事務局総務課 秘書担当 担当者 徳山 直通 952-25-7202 【E-mail】
285,press_release,2022-03-28,佐賀県パートナーシップ宣誓制度~福岡市との連携を開始します~,https://www.pref.saga.lg.jp/kiji00385250/index.html,,needs_reingest_explicit_person,担当者 山田、矢野 直通 92-25-7063 【E-mail】jinken-douwataisaku@pref.saga.lg.jp 佐賀県パートナーシップ宣誓制度
284,press_release,2022-03-28,佐賀市、鹿島市、みやき町、有田町、太良町と「パートナーシップ宣誓制度の利用に関する協定」を締結します,https://www.pref.saga.lg.jp/kiji00385254/index.html,,needs_reingest_explicit_person,担当者 山田、矢野 直通 952-2-7063 【E-mail】jinken-douwataisaku@pref.saga.lg.jp 佐賀市、鹿島市、みやき町、有田町、太良町と「パートナーシップ宣誓制度の利用に関する協定」を締結します
286,press_release,2022-03-17,SNSで話題!海苔が主役の『佐賀海苔主役祭り』プロジェクト発 佐賀海苔と46都道府県との妄想グルメ漫画全46作品を完全収録 3月17日「漫画週刊誌の日」に世界初・海苔コミック誌 『藻刊サガノリ』完成!,https://www.pref.saga.lg.jp/kiji00385127/index.html,,needs_reingest_explicit_person,担当者 永尾、柴田 直通 3-6418-8329 【E-mail】 sagaprise@pref.saga.lg.jp
287,press_release,2022-03-14,伊10000里市、嬉野市、大町町と「パートナーシップ宣誓制度の利用に関する協定」を締結しました,https://www.pref.saga.lg.jp/kiji00385072/index.html,,needs_reingest_explicit_person,担当者 山田、矢野 直通 952-25-7063 【E-mail】 jinken-douwataisaku@pref.saga.lg.jp
289,press_release,2022-02-22,上峰町と「パートナーシップ宣誓制度の相互利用に関する協定」を、多久市、小城市、基山町と「パートナーシップ宣誓制度の利用に関する協定」を締結しました,https://www.pref.saga.lg.jp/kiji00384749/index.html,,needs_reingest_explicit_person,担当者 山田、矢野 直通 952-25-7063 【E-mail】jinken-douwataisaku@pref.saga.lg.jp 上峰町と「パートナーシップ宣誓制度の相互利用に関する協定」を多久市、小城市、基山町と「パートナーシップ宣誓制度の利用に関する協定」を締結しました
290,press_release,2022-02-08,唐津市と「パートナーシップ宣誓制度の相互利用に関する協定」を締結しました,https://www.pref.saga.lg.jp/kiji00384592/index.html,,needs_reingest_explicit_person,担当者 山田、矢野 直通 952-25-7063 【E-mail】 jinken-douwataisaku@pref.saga.lg.jp
747,proposal,2022-02-03,令和4年1月県有地一般競争入札の結果について,https://www.pref.saga.lg.jp/kiji00384514/index.html,総務部 資産活用課,needs_reingest_inline_person,(PDF:2.12メガバイト) 問い合わせ先:総務部 資産活用課 TEL:0952-25-7197 メール: shisankatsuyou@pref.saga.lg.jp
291,press_release,2021-12-20,佐賀県が“さがのさいこー”を全国に伝えるために 35周年を迎える児童書累計発行部数日本1の「かいけつゾロリ」とコラボ! 『かいけつゾロリの さがさいこー大さくせん』始動! 原作者・原ゆたか先生がストーリー監修&イラスト描きおろし! さらに、佐賀県知事が第3のお供“ヨシシ”になって登場! 完全オリジナルWEBストーリー全10話公開に加え、ストーリーが現実世界に!?,https://www.pref.saga.lg.jp/kiji00384007/index.html,,needs_reingest_explicit_person,担当者 久家、柴田 直通 3-6418-8329 【E-mail】 sagaprise@pref.saga.lg.jp
292,press_release,2021-12-09,"話題の妄想グルメ漫画が動く! 『佐賀海苔主役祭り』のマンガ動画8作品を本日公開 ""佐賀海苔""役を人気声優・梶裕貴さんが熱演! 相手役・石川由依さんとの掛け合いに胸キュン!? 恋愛・異世界・バトル・SFなどストーリーごとの演じ分けにもご注目! 梶さん&石川さんが""佐賀海苔""を実食する試食会動画も同時公開",https://www.pref.saga.lg.jp/kiji00383943/index.html,,needs_reingest_explicit_person,担当者 永尾、柴田 直通 3-6418-8329 【E-mail】 sagaprise@pref.saga.lg.jp
293,press_release,2021-10-13,佐賀県公立学校におけるいじめ認知方法の強化及び、令和2年度「児童生徒の問題行動・不登校等生徒指導上の諸課題に関する調査」に係る佐賀県の状況について,https://www.pref.saga.lg.jp/kiji00382843/index.html,,needs_reingest_inline_person,令和3年(2021年)10月12日 学校教育課 生徒支援室 担当者 外戸口、川﨑、馬場﨑 内線 3420、3426、3418 直通 952-25-7222 E-mail: gakkoukyouiku@pref.saga.lg.jp
294,press_release,2021-09-02,令和3年9月定例県議会に議案等を提出します,https://www.pref.saga.lg.jp/kiji00382295/index.html,,needs_reingest_inline_person,令和3年9月2日 政策部 政策チーム 担当者 大草、尾鷲 内線 1409、1422 直通 952-25-7541 E-mail:seisakuteam@pref.saga.lg.jp
296,press_release,2021-08-20,第23回佐賀県GM21ミーティングを開催します,https://www.pref.saga.lg.jp/kiji00382080/index.html,,needs_reingest_explicit_person,担当者 大草 川崎 内線: 1409 1428 直通:952-25-7541 E-mail:
297,press_release,2021-08-03,令和3年度普通交付税等決定額(佐賀県市町分)をお知らせします,https://www.pref.saga.lg.jp/kiji00381712/index.html,,needs_reingest_explicit_person,担当者 坂口、平野、船岡 内線 1389 直通 952-25-7024 E-mail shimachi-zaisei@pref.saga.lg.jp
298,press_release,2021-07-30,個人情報を誤送信した事案が発生しました,https://www.pref.saga.lg.jp/kiji00381667/index.html,,needs_reingest_explicit_person,担当者 鷲崎、森 直通 952-25-7184 【E-mail】 toukeibunseki@pref.saga.lg.jp
299,press_release,2021-07-01,廃棄物の処理及び清掃に関する法律に基づき産業廃棄物の処理基準に違反した者に対し措置命令を行いました,https://www.pref.saga.lg.jp/kiji00381230/index.html,,needs_reingest_explicit_person,担当者 森 小松 内線 1960、1961 直通 952-25-7108 【E-mail】 junkangatasyakai@pref.saga.lg.jp
300,press_release,2021-06-23,令和3年6月定例県議会に議案を追加提出します,https://www.pref.saga.lg.jp/kiji00381040/index.html,,needs_reingest_inline_person,令和3年6月23日 政策部 政策チーム 担当者 大草、尾鷲 内線 1409、1422 直通 952-25-7541 E-mail:seisakuteam@pref.saga.lg.jp
130,proposal,2021-06-21,古賀稔彦氏の顕彰事業に係る写真及びメッセージパネル制作委託業務の企画コンペの結果をお知らせします,https://www.pref.saga.lg.jp/kiji00385574/index.html,佐賀県地域交流部SAGA2024・SSP推進局,needs_reingest_inline_person,佐賀県地域交流部SAGA2024・SSP推進局 SAGAスポーツピラミッド推進グループ 林 TEL 952-25-7345 Mail ssp-g@pref.saga.lg.jp このページに関する
32,proposal,2021-06-15,多様な入札契約制度の導入,https://www.pref.saga.lg.jp/kiji00325828/index.html,長以下技術職4名程度(副課長、,source_has_department_only,担当部署 氏 名 TEL E-mail 平成0年0月0日 技術提案書(標準例)
301,press_release,2021-06-08,令和3年6月定例県議会に議案等を提出します,https://www.pref.saga.lg.jp/kiji00380806/index.html,,needs_reingest_inline_person,令和3年6月8日 政策部 政策チーム 担当者 大草、尾鷲 内線 1409、1422 直通 952-25-7541 E-mail:seisakuteam@pref.saga.lg.jp
295,press_release,2021-05-27,令和3年度全国学力・学習状況調査における佐賀県の結果についてお知らせします,https://www.pref.saga.lg.jp/kiji00369941/index.html,,needs_reingest_inline_person,令和3年(2021年)8月31日 教育庁教育振興課 学力向上推進担当 担当者 元山、岩橋 内 線:3401 直 通:952-25-7476 E-mail:
302,press_release,2021-05-24,令和3年5月臨時県議会に議案を追加提出します,https://www.pref.saga.lg.jp/kiji00380533/index.html,,needs_reingest_inline_person,令和3年5月24日 政策部 政策チーム 担当者 大草、尾鷲 内線 1409、1422 直通 952-25-7541 E-mail:seisakuteam@pref.saga.lg.jp
303,press_release,2021-05-19,令和3年5月臨時県議会に議案を提出します,https://www.pref.saga.lg.jp/kiji00380428/index.html,,needs_reingest_inline_person,令和3年5月19日 政策部 政策チーム 担当者 大草、尾鷲 内線 1409、1422 直通 952-25-7541 E-mail:seisakuteam@pref.saga.lg.jp
33,proposal,2021-05-06,佐賀県建設工事低入札価格調査制度事務処理要領(令和2年4月1日から適用),https://www.pref.saga.lg.jp/kiji00325839/index.html,工事成績 ア 県工事の過去2年間の成績,no_contact_section_detected,佐賀県建設工事低入札価格調査制度事務処理要領(令和2年4月1日から適用) / 最終更新日: / 2021年5月6日 / 佐賀県建設工事低入札価格調査制度事務処理要領を1部改正しました。 / 今回の改正については、令和2年4月1日以後に公告を行うものから適用します。 / 【令和2年4月1日の改正内容】 / 低入札価格調査制度の適用の対象を、競争入札のうち総合評価落札方式により請負契約を締結しようとするものとしました。 / 【令和元(2019)年7月1日の改正内容】
304,press_release,2021-04-15,第22回佐賀県GM21ミーティングを開催します,https://www.pref.saga.lg.jp/kiji00380081/index.html,,needs_reingest_explicit_person,担当者 大草 川崎 直通 952-25-7541 【E-mail】 seisakuteam@pref.saga.lg.jp
307,press_release,2021-02-09,佐賀飯の美味しさを徹底追求した”最強の佐賀飯アニメ”の制作に挑戦!つい小腹が空いてしまう深夜23時に投下される超短尺の食アニメ 「23時の佐賀飯アニメ」制作決定! 宮野真守さんが“佐賀飯声優”に!,https://www.pref.saga.lg.jp/kiji00379023/index.html,,needs_reingest_explicit_person,担当者 永尾、吉武 直通 3-6418-8329 【E-mail】 sagaprise@pref.saga.lg.jp
306,press_release,2021-02-09,「23時の佐賀飯アニメ」本日公開開始!10日間連続・深夜23時のタイムラインに投下! 宮野真守さんご出演!アニメ予告編や佐賀飯エンタメ動画にもご注目!,https://www.pref.saga.lg.jp/kiji00379136/index.html,,needs_reingest_explicit_person,担当者 永尾、吉武 直通 3-6418-8329 【E-mail】 sagaprise@pref.saga.lg.jp
288,press_release,2020-04-05,佐賀県と「かいけつゾロリ」とのコラボWEBストーリー 『かいけつゾロリの さがさいこー大さくせん』で登場した「佐賀体験ゆうえんち」が東京・浅草に出現! ゾロリプロデュース「さがやしき」が期間限定オープン! 地方自治体と初コラボの『浅草花やしき』をゾロリ×佐賀県でジャック! ゾロリ考案の「さがぎゅうバーガー」や「のりコプター」も!,https://www.pref.saga.lg.jp/kiji00384967/index.html,,needs_reingest_explicit_person,担当者 久家、柴田 直通 3-6418-8329 【E-mail】 sagaprise@pref.saga.lg.jp
749,proposal,2019-10-01,令和1年8月県有地一般競争入札結果のご案内,https://www.pref.saga.lg.jp/kiji00369011/index.html,教育庁 教育総務課,needs_reingest_inline_person,"予定価格:6,600,0円 問い合わせ先:総務部 資産活用課 TEL:0952-25-7197 メール: shisankatsuyou@pref.saga.lg.jp"
127,press_release,2019-02-26,佐賀県庁へのアクセス,https://www.pref.saga.lg.jp/kiji00347052/index.html,,no_contact_section_detected,佐賀県庁へのアクセス / 最終更新日: / 2019年2月26日 / 佐賀県庁 / こちらは、佐賀県庁の地図を示しています。 / 〒840-8570 佐賀県佐賀市城内1丁目1番59号 / 交通アクセス / 飛行機
34,proposal,2018-11-13,公共工事等の入札・契約業務に関する不当な情報提供要求等についての対応要領(平成28年4月1日施行),https://www.pref.saga.lg.jp/kiji00325966/index.html,職員は、県の内外から不当な情報提供要求又は働きかけ並びにそれらの疑いのある要,source_has_department_only,直接回答しないものとする。また、当該情報提供要求者の相手方の氏名、連絡先等の確 認を行うものとする。なお、入札案件に関するもので、不当な情報提供要求以外の必要 とする情報は、書面又は電子メールの方法により、問合せを行うものとする。 2 職員は、県の内外から不当な情報提供要求又は働きかけ並びにそれらの疑いのある要 求等を受けたときは、「不当な情報提供要求・働きかけ記録簿」(別記様式。以下「記録 簿」という。)を作成するものとし、速やかに当該情報提供要求の内容及び対応等につ
121,press_release,2018-03-22,サイトポリシー,https://www.pref.saga.lg.jp/kiji00348029/index.html,,needs_reingest_inline_person,https://www.pref.saga.lg.jp/ ) へのリンクは原則フリーです。事前の連絡は必要ありませんが、リンクを行った場合は、佐賀県政策部 広報広聴課( webmaster@pref.saga.lg.jp ) まで、リンク元のURLをご連絡ください。 トップページ以外のページへのリンクを希望される場合は、それぞれ担当課へお問い合わせ願います。
126,press_release,2016-07-27,リンク集,https://www.pref.saga.lg.jp/kiji0034844/index.html,広報広聴課,needs_reingest_inline_person,お申し込み先 佐賀県 政策部 広報広聴課 ホームページ担当 E-mail webmaster@pref.saga.lg.jp ---
125,press_release,2016-06-30,佐賀県携帯(ガラケー)サイトのご案内,https://www.pref.saga.lg.jp/kiji00348009/index.html,佐賀県携帯(ガラケー)サイトのご案内,no_contact_section_detected,佐賀県携帯(ガラケー)サイトのご案内 / 最終更新日: / 2016年6月30日 / 佐賀県では携帯電話向けのホームページを公開しています。携帯電話の小さな画面でも表示できるよう、シンプルなデザイン・文章で作成しています。 / 携帯サイトのトップメニュー / メニュー名 / 掲載内容 / 1. 緊急情報
124,press_release,2010-01-12,佐賀県情報セキュリティ基本方針,https://www.pref.saga.lg.jp/kiji00319190/index.html,,no_contact_section_detected,佐賀県情報セキュリティ基本方針 / 最終更新日: / 2010年1月12日 / 佐賀県情報セキュリティ基本方針 / (PDF:272キロバイト) / 附 則 / この基本方針は、令和6年2月1日から施行する。 / ---
305,press_release,1983-06-08,「23時の佐賀飯アニメ」コンプリート! 最終夜に「宮野真守増し増し篇」も公開! 宮野さんのアニメを見たリアクションやアフレコシーンを含むWEB動画『「23時の佐賀飯アニメ」完全版最速鑑賞会』も2月24日(水曜日)深夜公開!,https://www.pref.saga.lg.jp/kiji00379240/index.html,,needs_reingest_explicit_person,担当者 永尾、吉武 直通 3-6418-8329 【E-mail】 sagprise@pref.saga.lg.jp
